Time (%),Total Time (ns),Num Calls,Avg (ns),Med (ns),Min (ns),Max (ns),StdDev (ns),Name
50.0,6686158199,125439,53302.1,9205.0,4376,124525467,639243.8,cudaLaunchKernel
14.5,1939956450,92573,20956.0,9822.0,4011,173739916,964466.0,cudaMemcpyAsync
9.0,1198863847,833,1439212.3,22586.0,6329,115545650,5975593.8,cudaDeviceSynchronize
4.9,652274432,66008,9881.7,8228.0,4713,1288706,29004.9,cuLaunchKernel
4.3,569313243,85375,6668.4,5989.0,2303,10577728,42259.8,cudaEventRecordWithFlags_v11010
3.6,478631979,1790,267392.2,3974.5,1462,321708346,7604305.7,cudaStreamSynchronize
1.9,257566988,28,9198821.0,8934732.5,216972,22945110,6032694.4,cuLibraryLoadData
1.6,211891728,906,233876.1,186595.0,5373,11080785,425225.5,cudaMalloc
1.5,196637024,1293,152078.1,9143.0,5426,1337654,354643.6,cudaLaunchKernelExC_v11060
1.3,174698763,40598,4303.1,4214.0,855,636539,4223.6,cudaStreamWaitEvent
1.0,127589697,17,7505276.3,1233559.0,17739,59810867,15299073.2,cudaHostAlloc
0.9,116667375,3846,30334.7,13370.5,164,14715027,318681.7,cudaMemsetAsync
0.8,111659800,72938,1530.9,1121.0,402,2806178,16487.8,cudaEventCreateWithFlags
0.7,94029894,350,268656.8,147249.5,89414,25208021,1399523.1,cuModuleLoad
0.6,85808686,2,42904343.0,42904343.0,24144140,61664546,26530933.5,cuGreenCtxCreate
0.6,80334116,57325,1401.4,860.0,527,48389,1403.4,cudaEventQuery
0.6,79619807,12476,6381.8,5661.5,2814,45451,2491.7,cudaEventRecord
0.6,78161951,129701,602.6,519.0,400,269906,815.8,cudaStreamIsCapturing_v10000
0.5,66820702,72875,916.9,697.0,477,1988708,7711.7,cudaEventDestroy
0.3,42972060,106084,405.1,313.0,281,674124,2090.1,cudaGetDriverEntryPoint_v11030
0.3,33656496,315,106846.0,2571.0,459,11173388,916051.3,cuKernelGetFunction
0.2,28968703,106080,273.1,210.0,172,36179,263.9,cuTensorMapEncodeTiled
0.2,23349707,272,85844.5,10555.0,4859,1046250,155731.0,cudaStreamCreateWithPriority
0.1,16524082,8,2065510.3,1876447.5,1258597,3132038,682581.3,cudaGetDeviceProperties_v2_v12000
0.1,12084076,10,1208407.6,321532.5,63524,4315399,1580814.6,cuLibraryUnload
0.1,6731364,4,1682841.0,1584956.5,23763,3537688,1920167.4,cudaFree
0.0,2064884,32,64527.6,9078.0,3036,396359,99599.3,cudaStreamCreateWithFlags
0.0,671838,2144,313.4,219.0,102,6947,277.6,cuGetProcAddress_v2
0.0,477180,2,238590.0,238590.0,236812,240368,2514.5,cuModuleLoadData
0.0,212397,36,5899.9,3501.5,611,14207,4766.7,cuLibraryGetKernel
0.0,58799,2,29399.5,29399.5,18407,40392,15545.7,cuDevResourceGenerateDesc
0.0,35602,2,17801.0,17801.0,15015,20587,3940.0,cuGreenCtxStreamCreate
0.0,21083,7,3011.9,2789.0,1281,5567,1436.3,cuInit
0.0,16375,22,744.3,412.5,376,3633,889.6,cuOccupancyMaxActiveClusters
0.0,5260,1,5260.0,5260.0,5260,5260,0.0,cuDevSmResourceSplitByCount
0.0,4454,6,742.3,259.5,208,1897,792.0,cuModuleGetLoadingMode
0.0,4103,1,4103.0,4103.0,4103,4103,0.0,cuDeviceGetDevResource
0.0,3375,2,1687.5,1687.5,1551,1824,193.0,cuOccupancyAvailableDynamicSMemPerBlock

