Time (%),Total Time (ns),Instances,Avg (ns),Med (ns),Min (ns),Max (ns),StdDev (ns),Name
15.7,3407184009,3000,1135728.0,1287204.0,289373,2162828,377721.1,"void qk_int_sv_f8_attn_kernel<(unsigned int)128, (unsigned int)64, (unsigned int)32, (unsigned int)64, (unsigned int)128, (DataType)1, (QuantGranularity)2, (QuantGranularity)2, float, (bool)1, __nv_bfloat16, (ComputeUnit)1, (MaskMode)0, (bool)0, (bool)1, (bool)0, (bool)1>(signed char *, signed char *, signed char *, T11 *, float *, float *, float *, float *, float *, unsigned int, unsigned int, unsigned int, unsigned int, unsigned int, unsigned int, unsigned int, unsigned int, unsigned int, unsigned int, unsigned int, unsigned int, unsigned int, unsigned int, unsigned int, float)"
14.2,3077426788,26400,116569.2,59583.0,57056,750809,105791.6,"void cutlass::device_kernel<at::cuda::detail::enable_3x_kernel_for_sm10_or_later<cutlass::gemm::kernel::GemmUniversal<cute::tuple<int, int, int>, cutlass::gemm::collective::CollectiveMma<cutlass::gemm::MainloopSm120TmaWarpSpecialized<(int)2, (int)2, cute::tuple<cute::C<(int)1>, cute::C<(int)1>, cute::C<(int)1>>, cutlass::gemm::KernelTmaWarpSpecializedCooperativeSm120<(int)2>>, cute::tuple<cute::C<(int)128>, cute::C<(int)128>, cute::C<(int)128>>, cutlass::float_e4m3_t, cute::tuple<long, cute::C<(int)1>, long>, cutlass::float_e4m3_t, cute::tuple<long, cute::C<(int)1>, long>, cute::TiledMMA<cute::MMA_Atom<cute::SM120_16x8x32_TN<cutlass::float_e4m3_t, cutlass::float_e4m3_t, float>>, cute::Layout<cute::tuple<cute::C<(int)4>, cute::C<(int)2>, cute::C<(int)1>>, cute::tuple<cute::C<(int)1>, cute::C<(int)4>, cute::C<(int)0>>>, cute::tuple<cute::C<(int)128>, cute::C<(int)32>, cute::C<(int)32>>>, cute::SM90_TMA_LOAD, cute::ComposedLayout<cute::Swizzle<(int)3, (int)4, (int)3>, cute::smem_ptr_flag_bits<(int)8>, cute::Layout<cute::tuple<cute::C<(int)8>, cute::C<(int)128>>, cute::tuple<cute::C<(int)128>, cute::C<(int)1>>>>, cute::Copy_Atom<cute::SM75_U32x4_LDSM_N, unsigned char>, cute::identity, cute::SM90_TMA_LOAD, cute::ComposedLayout<cute::Swizzle<(int)3, (int)4, (int)3>, cute::smem_ptr_flag_bits<(int)8>, cute::Layout<cute::tuple<cute::C<(int)8>, cute::C<(int)128>>, cute::tuple<cute::C<(int)128>, cute::C<(int)1>>>>, cute::Copy_Atom<cute::SM75_U32x4_LDSM_N, unsigned char>, cute::identity>, cutlass::epilogue::collective::CollectiveEpilogue<cutlass::epilogue::Sm90TmaWarpSpecialized<(int)3, (int)2, (int)4, (bool)1, (bool)0>, cute::tuple<cute::C<(int)128>, cute::C<(int)128>, cute::C<(int)128>>, cute::tuple<cute::C<(int)64>, cute::C<(int)32>>, cutlass::bfloat16_t, cute::tuple<long, cute::C<(int)1>, long>, cutlass::bfloat16_t, cute::tuple<long, cute::C<(int)1>, long>, cutlass::epilogue::fusion::Sm90TreeVisitor<cutlass::epilogue::fusion::Sm90Compute<cutlass::epilogue::thread::Identity, cutlass::bfloat16_t, float, (cutlass::FloatRoundStyle)2, void>, cutlass::epilogue::fusion::Sm90TreeVisitor<cutlass::epilogue::fusion::Sm90Compute<cutlass::plus, float, float, (cutlass::FloatRoundStyle)2, void>, cutlass::epilogue::fusion::Sm90RowBroadcast<(int)0, cute::tuple<cute::C<(int)128>, cute::C<(int)128>, cute::C<(int)128>>, cutlass::bfloat16_t, cutlass::bfloat16_t, cute::tuple<cute::C<(int)0>, cute::C<(int)1>, cute::C<(int)0>>, (int)8, (bool)1>, cutlass::epilogue::fusion::Sm90TreeVisitor<cutlass::epilogue::fusion::Sm90Compute<cutlass::multiplies, float, float, (cutlass::FloatRoundStyle)2, void>, cutlass::epilogue::fusion::Sm90RowBroadcast<(int)0, cute::tuple<cute::C<(int)128>, cute::C<(int)128>, cute::C<(int)128>>, float, float, cute::tuple<cute::C<(int)0>, cute::C<(int)1>, cute::C<(int)0>>, (int)4, (bool)1>, cutlass::epilogue::fusion::Sm90TreeVisitor<cutlass::epilogue::fusion::Sm90Compute<cutlass::multiplies, float, float, (cutlass::FloatRoundStyle)2, void>, cutlass::epilogue::fusion::Sm90ColBroadcast<(int)0, cute::tuple<cute::C<(int)128>, cute::C<(int)128>, cute::C<(int)128>>, float, float, cute::tuple<cute::C<(int)1>, cute::C<(int)0>, cute::C<(int)0>>, (int)4, (bool)1>, cutlass::epilogue::fusion::Sm90AccFetch>>>>, cute::SM90_TMA_LOAD, cute::ComposedLayout<cute::Swizzle<(int)2, (int)4, (int)3>, cute::smem_ptr_flag_bits<(int)16>, cute::Layout<cute::tuple<cute::C<(int)8>, cute::C<(int)32>>, cute::tuple<cute::C<(int)32>, cute::C<(int)1>>>>, cute::SM75_U32x2_LDSM_N, cute::SM90_TMA_STORE, cute::ComposedLayout<cute::Swizzle<(int)2, (int)4, (int)3>, cute::smem_ptr_flag_bits<(int)16>, cute::Layout<cute::tuple<cute::C<(int)8>, cute::C<(int)32>>, cute::tuple<cute::C<(int)32>, cute::C<(int)1>>>>, cute::SM90_U32x2_STSM_N, cute::Copy_Atom<cute::SM90_U32x2_STSM_N, cutlass::half_t>, void>, void, void>>>(T1::Params)"
14.1,3064988236,560,5473193.3,4329627.5,256191,8604984,3090965.3,sm80_xmma_fprop_implicit_gemm_tf32f32_tf32f32_f32_nhwckrsc_nchw_tilesize128x128x16_stage4_warpsize2x2x1_g1_tensor16x8x8_alignc4_execute_kernel__5x_cudnn
8.4,1814814580,32462,55905.8,57407.0,704,62143,4441.7,"void at::native::vectorized_elementwise_kernel<(int)4, at::native::FillFunctor<int>, std::array<char *, (unsigned long)1>>(int, T2, T3)"
5.9,1287221498,234,5500946.6,5509789.0,5138317,5766537,161324.2,sm80_xmma_fprop_implicit_gemm_f16f16_f16f32_f32_nhwckrsc_nhwc_tilesize128x32x32_stage4_warpsize4x1x1_g1_tensor16x8x16_execute_kernel__5x_cudnn
5.3,1144299906,234,4890170.5,4842641.5,4678932,5158736,129794.1,triton_tem_fused_convolution_43
3.5,766661473,4311,177838.4,13984.0,1152,1225113,288292.0,"void at::native::elementwise_kernel<(int)128, (int)2, void at::native::gpu_kernel_impl_nocast<at::native::direct_copy_kernel_cuda(at::TensorIteratorBase &)::[lambda() (instance 3)]::operator ()() const::[lambda() (instance 7)]::operator ()() const::[lambda(float) (instance 1)]>(at::TensorIteratorBase &, const T1 &)::[lambda(int) (instance 1)]>(int, T3)"
2.2,473906727,195,2430290.9,2424776.0,2356648,2580839,47011.4,triton_tem_fused_convolution_28
1.9,410374111,2000,205187.1,14784.0,1312,1350585,388364.1,"void cudnn::engines_precompiled::nchwToNhwcKernel<float, float, float, (bool)0, (bool)1, (cudnnKernelDataType_t)2>(cudnn::engines_precompiled::nchw2nhwc_params_t<T3>, const T1 *, T2 *)"
1.2,264388878,3000,88129.6,87936.0,83999,223902,8110.7,"void flash::flash_fwd_kernel<Flash_fwd_kernel_traits<(int)128, (int)128, (int)64, (int)4, (bool)0, (bool)0, cutlass::bfloat16_t, Flash_kernel_traits<(int)128, (int)128, (int)64, (int)4, cutlass::bfloat16_t>>, (bool)0, (bool)0, (bool)0, (bool)0, (bool)0, (bool)1, (bool)0, (bool)0>(flash::Flash_fwd_params)"
1.2,253837934,3000,84612.6,89215.0,19679,182046,29331.4,"void TransposePadPermuteKernel<(unsigned int)128, (unsigned int)64, (bool)1, __nv_bfloat16>(T4 *, T4 *, unsigned int, unsigned int, unsigned int, unsigned int, unsigned int, unsigned int, unsigned int)"
1.1,243019075,1382,175845.9,25600.0,1376,756573,259482.3,"void at::native::elementwise_kernel<(int)128, (int)2, void at::native::gpu_kernel_impl_nocast<at::native::CUDAFunctor_add<float>>(at::TensorIteratorBase &, const T1 &)::[lambda(int) (instance 1)]>(int, T3)"
1.1,237011924,3000,79004.0,87199.0,66047,148318,10572.7,triton_red_fused__scaled_mm__to_copy_abs_amax_clamp_div_6
1.0,226418323,3000,75472.8,86592.0,58079,176031,14846.0,"void at::native::<unnamed>::CatArrayBatchedCopy<at::native::<unnamed>::OpaqueType<(unsigned int)2>, unsigned int, (int)4, (int)64, (int)64>(T1 *, at::native::<unnamed>::CatArrInputTensorMetadata<T1, T2, T4, T5>, at::native::<unnamed>::TensorSizeStride<T2, (unsigned int)4>, int, T2)"
0.9,190386734,1104,172451.8,9472.0,1280,781436,271449.2,"void at::native::elementwise_kernel<(int)128, (int)2, void at::native::gpu_kernel_impl_nocast<at::native::BinaryFunctor<float, float, float, at::native::binary_internal::MulFunctor<float>>>(at::TensorIteratorBase &, const T1 &)::[lambda(int) (instance 1)]>(int, T3)"
0.9,186450740,883,211156.0,13760.0,928,953655,291977.0,"void at::native::vectorized_elementwise_kernel<(int)4, at::native::AUnaryFunctor<float, float, float, at::native::binary_internal::MulFunctor<float>>, std::array<char *, (unsigned long)2>>(int, T2, T3)"
0.9,185841456,1040,178693.7,4608.0,1056,780188,278597.4,"void at::native::vectorized_elementwise_kernel<(int)4, at::native::<unnamed>::silu_kernel(at::TensorIteratorBase &)::[lambda() (instance 1)]::operator ()() const::[lambda() (instance 2)]::operator ()() const::[lambda(float) (instance 1)], std::array<char *, (unsigned long)2>>(int, T2, T3)"
0.9,185651840,1199,154838.9,4192.0,864,779036,265782.8,"void at::native::vectorized_elementwise_kernel<(int)4, at::native::CUDAFunctorOnSelf_add<float>, std::array<char *, (unsigned long)2>>(int, T2, T3)"
0.8,181964241,1463,124377.5,5568.0,1472,748188,235787.2,"void at::native::elementwise_kernel<(int)128, (int)2, void at::native::gpu_kernel_impl_nocast<at::native::BinaryFunctor<float, float, float, at::native::binary_internal::DivFunctor<float>>>(at::TensorIteratorBase &, const T1 &)::[lambda(int) (instance 1)]>(int, T3)"
0.8,177841821,3000,59280.6,93039.5,17504,121919,38592.4,triton_poi_fused_add_mul_neg_sub_2
0.8,174964040,3000,58321.3,85023.0,27776,120639,28649.1,triton_poi_fused_stack_3
0.7,159220957,320,497565.5,497693.5,491069,500830,1650.6,sm80_xmma_fprop_implicit_gemm_tf32f32_tf32f32_f32_nhwckrsc_nhwc_tilesize128x128x16_stage4_warpsize2x2x1_g1_tensor16x8x8_execute_kernel__5x_cudnn
0.7,156233986,108,1446611.0,1437457.5,1417970,1569937,31541.4,triton_poi_fused_stack_52
0.7,156054560,1613,96748.0,9056.0,639,529086,164290.4,"void at::native::vectorized_elementwise_kernel<(int)4, at::native::FillFunctor<float>, std::array<char *, (unsigned long)1>>(int, T2, T3)"
0.7,150752438,390,386544.7,388012.0,364732,410173,9624.5,triton_tem_fused_convolution_5
0.7,149932153,620,241826.1,232381.5,219966,300893,23324.1,triton_poi_fused__to_copy_constant_pad_nd_silu_64
0.7,148609472,184,807660.2,777496.0,738873,966678,70910.7,triton_per_fused__to_copy_add_convolution_div_linalg_vector_norm_mul_61
0.7,143854437,470,306073.3,115344.0,1471,1134779,417964.3,"void at::native::vectorized_elementwise_kernel<(int)4, at::native::CUDAFunctor_add<float>, std::array<char *, (unsigned long)3>>(int, T2, T3)"
0.6,122785730,647,189777.0,194782.0,155903,200542,12377.7,triton_per_fused__to_copy_add_convolution_div_linalg_vector_norm_mul_silu_44
0.6,122290104,3000,40763.4,47152.0,17887,88800,21596.0,triton_red_fused__scaled_mm__to_copy_abs_add_amax_clamp_div_mul_native_layer_norm_1
0.6,119474875,40,2986871.9,2986497.0,2980882,2995984,3717.7,"fmha_cutlassF_f32_aligned_32x128_gmem_sm80(PyTorchMemEffAttention::AttentionKernel<float, cutlass::arch::Sm80, (bool)1, (int)32, (int)128, (int)65536, (bool)1, (bool)1>::Params)"
0.5,114310459,3000,38103.5,34304.0,8384,235774,16750.5,"void at::native::reduce_kernel<(int)128, (int)4, at::native::ReduceOp<c10::BFloat16, at::native::MeanOps<c10::BFloat16, float, float, c10::BFloat16>, unsigned int, c10::BFloat16, (int)4, (int)4>>(T3)"
0.4,93204903,3000,31068.3,25311.5,6208,124191,15422.7,"void QuantInt8Kernel<(unsigned int)128, (unsigned int)64, (unsigned int)1, (bool)0, (bool)1, __nv_bfloat16>(T6 *, T6 *, signed char *, float *, float, unsigned int, unsigned int, unsigned int, unsigned int, unsigned int, unsigned int, unsigned int, unsigned int, unsigned int, unsigned int, unsigned int)"
0.4,88424481,880,100482.4,13583.5,5728,385182,140088.8,"void at::native::reduce_kernel<(int)128, (int)4, at::native::ReduceOp<float, at::native::NormTwoOps<float, float, float>, unsigned int, float, (int)4, (int)4>>(T3)"
0.4,87711564,425,206380.2,194622.0,183806,248670,23442.0,triton_per_fused__to_copy_add_convolution_div_linalg_vector_norm_mul_63
0.4,81351562,225,361562.5,362781.0,345628,369085,4144.6,triton_poi_fused_stack_51
0.3,69910679,3000,23303.6,13648.0,4032,106815,15661.8,"void MeanScaleKernel<(unsigned int)64, (bool)0, __nv_bfloat16>(T3 *, signed char *, float *, float *, float, unsigned int, unsigned int, unsigned int, unsigned int, unsigned int, unsigned int, unsigned int, unsigned int, unsigned int, unsigned int, unsigned int)"
0.3,66008231,3000,22002.7,25808.0,15424,66591,6040.8,triton_red_fused__scaled_mm__to_copy_abs_add_amax_clamp_div_mul_native_layer_norm_5
0.3,65310482,3000,21770.2,32896.0,7040,72895,12844.6,triton_poi_fused_add_mul_7
0.3,64597061,6600,9787.4,9504.0,8096,56863,2776.6,triton_red_fused__scaled_mm__to_copy_abs_amax_clamp_div_0
0.3,61484514,118,521055.2,495675.0,467292,587738,45036.1,triton_red_fused__to_copy_add_convolution_div_linalg_vector_norm_mul_silu_49
0.3,59580004,3220,18503.1,18143.0,2976,475579,28136.0,"void at::native::elementwise_kernel<(int)128, (int)4, void at::native::gpu_kernel_impl_nocast<at::native::direct_copy_kernel_cuda(at::TensorIteratorBase &)::[lambda() (instance 3)]::operator ()() const::[lambda() (instance 12)]::operator ()() const::[lambda(c10::BFloat16) (instance 1)]>(at::TensorIteratorBase &, const T1 &)::[lambda(int) (instance 1)]>(int, T3)"
0.3,56751588,39,1455168.9,1451890.0,1380722,1548050,43054.8,triton_tem_fused_convolution_63
0.3,55595693,39,1425530.6,1424370.0,1358355,1522962,46566.8,triton_tem_fused_convolution_51
0.2,54098151,3000,18032.7,19680.0,13536,77599,4970.0,triton_red_fused__scaled_mm__to_copy_abs_add_amax_clamp_div_mul_native_layer_norm_0
0.2,53814460,39,1379857.9,1374162.0,1330131,1486450,45598.1,triton_tem_fused_convolution_38
0.2,51593390,280,184262.1,185150.5,142655,225150,15546.4,triton_poi_fused_clone_55
0.2,49812884,79,630542.8,356606.0,352543,921915,281028.2,sm80_xmma_fprop_implicit_gemm_indexed_wo_smem_tf32f32_tf32f32_f32_nhwckrsc_nhwc_tilesize128x32x16_stage1_warpsize4x1x1_g1_tensor16x8x8_alignc8_execute_kernel__5x_cudnn
0.2,49119962,570,86175.4,86303.0,45759,113535,2244.0,triton_poi_fused_stack_18
0.2,47818166,39,1226106.8,1225044.0,1199957,1284628,20467.1,triton_tem_fused_convolution_25
0.2,46006564,40,1150164.1,1151397.5,1123765,1240851,23120.8,"fmha_cutlassF_f16_aligned_32x128_gmem_sm80(PyTorchMemEffAttention::AttentionKernel<cutlass::half_t, cutlass::arch::Sm80, (bool)1, (int)32, (int)128, (int)65536, (bool)1, (bool)1>::Params)"
0.2,43075237,117,368164.4,363549.0,341853,427484,13894.3,triton_per_fused__to_copy_add_convolution_div_linalg_vector_norm_mul_silu_56
0.2,42525841,6000,7087.6,7103.0,6047,44383,2018.2,triton_red_fused__to_copy_mean_pow_1
0.2,40368800,39,1035097.4,1029622.0,987478,1080342,24525.7,triton_red_fused__to_copy_add_convolution_div_linalg_vector_norm_mul_silu_60
0.2,37019326,195,189842.7,192638.0,147966,223454,17020.6,triton_poi_fused_cat_46
0.2,35050128,39,898721.2,890103.0,874935,966358,22371.6,triton_poi_fused_cat_62
0.1,31435822,39,806046.7,796088.0,779544,856568,25094.6,triton_poi_fused_cat_59
0.1,31434327,39,806008.4,790808.0,775961,861912,30321.6,triton_poi_fused__to_copy_add_convolution_div_mul_58
0.1,27635423,3000,9211.8,9600.0,7775,38208,1916.3,triton_red_fused__flash_attn_varlen_forward__to_copy_mean_pow_2
0.1,27394763,3000,9131.6,9216.0,7903,35807,1985.1,"void at::native::<unnamed>::CatArrayBatchedCopy_alignedK_contig<at::native::<unnamed>::OpaqueType<(unsigned int)2>, unsigned int, (int)3, (int)128, (int)1, (int)8>(T1 *, at::native::<unnamed>::CatArrInputTensorMetadata<T1, T2, T4, T5>, at::native::<unnamed>::TensorSizeStride<T2, (unsigned int)4>, int, T2)"
0.1,27163102,39,696489.8,685306.0,675385,801976,27924.9,triton_poi_fused_stack_39
0.1,24643609,3000,8214.5,11040.0,4031,29888,3777.0,"void QuantInt8Kernel<(unsigned int)128, (unsigned int)32, (unsigned int)1, (bool)0, (bool)0, __nv_bfloat16>(T6 *, T6 *, signed char *, float *, float, unsigned int, unsigned int, unsigned int, unsigned int, unsigned int, unsigned int, unsigned int, unsigned int, unsigned int, unsigned int, unsigned int)"
0.1,24338285,78,312029.3,311262.5,215167,433150,94995.3,"void implicit_convolveNd_sgemm<float, (int)3, (int)1024, (int)5, (int)5, (int)3, (int)3, (int)3, (int)1, (bool)0, (bool)0, (bool)1>(int, int, int, const T1 *, int, T1 *, const T1 *, kernel_convNd_params, unsigned long long, int, float, float, int, const T1 *, const T1 *, bool, bool)"
0.1,23189268,60,386487.8,362332.5,146815,775640,242319.8,void cutlass::Kernel2<cutlass_80_tensorop_bf16_s16816gemm_relu_bf16_256x128_32x3_tn_align8>(T1::Params)
0.1,21967622,435,50500.3,47263.0,23712,70432,11396.9,triton_per_fused__to_copy_add_convolution_div_linalg_vector_norm_mul_silu_26
0.1,21167160,39,542747.7,543003.0,518299,587643,16414.0,triton_tem_fused_convolution_35
0.1,19946016,39,511436.3,494747.0,486203,592858,31431.5,triton_poi_fused__to_copy_add_div_mul_silu_54
0.1,19528516,234,83455.2,81312.0,71807,123743,9139.5,triton_poi_fused_clone_42
0.1,18784984,2370,7926.2,2688.0,1152,204542,20783.9,"void at::native::unrolled_elementwise_kernel<at::native::direct_copy_kernel_cuda(at::TensorIteratorBase &)::[lambda() (instance 3)]::operator ()() const::[lambda() (instance 7)]::operator ()() const::[lambda(float) (instance 1)], std::array<char *, (unsigned long)2>, (int)4, TrivialOffsetCalculator<(int)1, unsigned int>, TrivialOffsetCalculator<(int)1, unsigned int>, at::native::memory::LoadWithCast<(int)1>, at::native::memory::StoreWithCast<(int)1>>(int, T1, T2, T4, T5, T6, T7)"
0.1,18346804,195,94086.2,94015.0,79103,128447,7912.7,triton_poi_fused_cat_37
0.1,17270906,39,442843.7,436444.0,428956,505371,17044.1,triton_poi_fused__to_copy_add_convolution_div_mul_47
0.1,16929518,533,31762.7,24832.0,15136,44960,9018.6,triton_per_fused__to_copy_convolution_linalg_vector_norm_42
0.1,15844469,100,158444.7,148798.5,63104,740025,108319.4,sm80_xmma_fprop_implicit_gemm_bf16bf16_bf16f32_f32_nhwckrsc_nhwc_tilesize64x32x64_stage5_warpsize2x2x1_g1_tensor16x8x16_execute_kernel__5x_cudnn
0.1,15664046,39,401642.2,395900.0,390525,447900,13754.3,triton_poi_fused_cat_48
0.1,15455261,80,193190.8,92031.5,25664,306974,108032.0,void cutlass::Kernel2<cutlass_80_tensorop_s1688gemm_128x64_16x6_nn_align4>(T1::Params)
0.1,15152111,39,388515.7,384573.0,375772,424732,11754.1,triton_red_fused__to_copy_add_convolution_linalg_vector_norm_57
0.1,13343972,41,325462.7,331263.0,183263,332894,26705.5,void cutlass__5x_cudnn::Kernel<cutlass_tensorop_s1688fprop_optimized_tf32_64x64_16x10_nhwc_align4>(T1::Params)
0.0,9865052,39,252950.1,247358.0,244445,295229,11174.8,triton_poi_fused_add_convolution_50
0.0,9264012,39,237538.8,233790.0,230238,258142,7555.6,triton_red_fused__to_copy_linalg_vector_norm_53
0.0,9064548,6,1510758.0,1510592.5,1507952,1514033,2131.8,triton_tem_fused_convolution_54
0.0,8421945,440,19140.8,4416.0,1280,171359,46976.2,"void cudnn::engines_precompiled::nhwcToNchwKernel<float, float, float, (bool)1, (bool)0, (cudnnKernelDataType_t)0>(cudnn::engines_precompiled::nhwc2nchw_params_t<T3>, const T1 *, T2 *)"
0.0,8098291,40,202457.3,204638.0,104543,214014,16304.6,triton_tem_fused_convolution_17
0.0,7927046,427,18564.5,13632.0,11424,30528,6955.7,triton_per_fused__to_copy_convolution_linalg_vector_norm_25
0.0,7863368,600,13105.6,13984.0,11264,29120,1704.1,triton_red_fused__scaled_mm__to_copy_abs_amax_clamp_div_1
0.0,7857232,842,9331.6,9696.0,4032,12768,2055.0,triton_poi_fused_cat_4
0.0,7839465,569,13777.6,12480.0,6304,22240,2602.5,triton_poi_fused_cat_14
0.0,7786390,608,12806.6,12639.5,5888,20192,2462.3,triton_poi_fused_cat_12
0.0,7671965,1290,5947.3,4000.0,960,38559,9255.7,"void at::native::<unnamed>::distribution_elementwise_grid_stride_kernel<float, (int)4, void at::native::templates::cuda::uniform_and_transform<float, float, at::CUDAGeneratorImpl *, void at::native::templates::cuda::uniform_kernel<at::CUDAGeneratorImpl *>(at::TensorIteratorBase &, double, double, T1)::[lambda() (instance 1)]::operator ()() const::[lambda() (instance 2)]::operator ()() const::[lambda(float) (instance 1)]>(at::TensorIteratorBase &, T3, T4)::[lambda(curandStatePhilox4_32_10 *) (instance 2)], void at::native::<unnamed>::distribution_nullary_kernel<float, float, float4, at::CUDAGeneratorImpl *, void at::native::templates::cuda::uniform_and_transform<float, float, at::CUDAGeneratorImpl *, void at::native::templates::cuda::uniform_kernel<at::CUDAGeneratorImpl *>(at::TensorIteratorBase &, double, double, T1)::[lambda() (instance 1)]::operator ()() const::[lambda() (instance 2)]::operator ()() const::[lambda(float) (instance 1)]>(at::TensorIteratorBase &, T3, T4)::[lambda(curandStatePhilox4_32_10 *) (instance 2)], void at::native::templates::cuda::uniform_kernel<at::CUDAGeneratorImpl *>(at::TensorIteratorBase &, double, double, T1)::[lambda() (instance 1)]::operator ()() const::[lambda() (instance 2)]::operator ()() const::[lambda(float) (instance 1)]>(at::TensorIteratorBase &, T4, const T5 &, T6)::[lambda(int, float) (instance 1)]>(long, at::PhiloxCudaState, T3, T4)"
0.0,7568698,959,7892.3,8576.0,4128,12800,2750.8,triton_poi_fused_clone_6
0.0,7559129,39,193823.8,191262.0,186974,209854,6729.3,triton_red_fused__to_copy_add_convolution_linalg_vector_norm_45
0.0,7404854,39,189868.1,184638.0,181374,226013,11082.7,triton_poi_fused__to_copy_add_div_mul_silu_41
0.0,7283829,6,1213971.5,1214851.5,1208948,1218580,3868.4,triton_tem_fused_convolution_40
0.0,6793324,600,11322.2,11616.0,9728,54816,2814.4,triton_red_fused__scaled_mm__to_copy_abs_amax_clamp_div_2
0.0,6585720,1282,5137.1,1344.0,992,351838,12794.1,"void at::native::vectorized_elementwise_kernel<(int)4, at::native::bfloat16_copy_kernel_cuda(at::TensorIteratorBase &)::[lambda(float) (instance 1)], std::array<char *, (unsigned long)2>>(int, T2, T3)"
0.0,6566557,5,1313311.4,1313299.0,1310259,1317074,3027.7,triton_tem_fused_convolution_27
0.0,6219091,646,9627.1,9360.0,3904,12224,1300.1,triton_poi_fused_clone_7
0.0,6142337,463,13266.4,10496.0,5280,23744,5529.5,triton_per_fused__to_copy_add_convolution_div_linalg_vector_norm_mul_silu_13
0.0,6040810,156,38723.1,40927.5,26240,53600,7266.1,triton_poi_fused_cat_27
0.0,5996320,302,19855.4,8400.0,928,51232,18502.5,"void at::native::vectorized_elementwise_kernel<(int)4, at::native::FillFunctor<c10::BFloat16>, std::array<char *, (unsigned long)1>>(int, T2, T3)"
0.0,5711913,638,8952.8,8272.0,7743,14048,1908.4,triton_poi_fused__to_copy_add_constant_pad_nd_div_mul_silu_12
0.0,5551674,6103,909.7,768.0,672,13663,553.3,"void at::native::vectorized_elementwise_kernel<(int)2, at::native::FillFunctor<long>, std::array<char *, (unsigned long)1>>(int, T2, T3)"
0.0,5507074,850,6478.9,6304.0,5440,11808,712.4,triton_poi_fused__to_copy_constant_pad_nd_silu_14
0.0,4967572,39,127373.6,126335.0,120415,135775,3189.1,triton_red_fused__to_copy_linalg_vector_norm_40
0.0,4729811,39,121277.2,119071.0,116319,141214,5318.1,triton_poi_fused_cat_32
0.0,4678580,39,119963.6,118911.0,96287,144895,8935.9,triton_poi_fused__to_copy_add_convolution_div_mul_31
0.0,4642391,234,19839.3,14384.0,13216,47232,9657.3,triton_poi_fused_clone_29
0.0,4591007,536,8565.3,8512.0,8223,10080,251.6,triton_poi_fused__to_copy_add_constant_pad_nd_convolution_div_mul_silu_5
0.0,4209688,39,107940.7,105823.0,94303,135039,7729.6,triton_poi_fused_cat_34
0.0,4172858,531,7858.5,8000.0,3488,9888,1032.4,triton_poi_fused_add_convolution_16
0.0,4069966,849,4793.8,3520.0,3167,10656,2366.4,triton_poi_fused_clone_new_zeros_4
0.0,3941497,658,5990.1,5055.5,4224,10464,1879.2,triton_per_fused__to_copy_add_convolution_div_linalg_vector_norm_mul_silu_3
0.0,3783644,396,9554.7,9712.0,4704,12320,1827.3,triton_per_fused__to_copy_add_convolution_div_linalg_vector_norm_mul_11
0.0,3670562,100,36705.6,33599.5,15968,133215,23715.8,"void at::native::elementwise_kernel<(int)128, (int)4, void at::native::gpu_kernel_impl_nocast<at::native::CUDAFunctor_add<c10::BFloat16>>(at::TensorIteratorBase &, const T1 &)::[lambda(int) (instance 1)]>(int, T3)"
0.0,3666552,10,366655.2,365500.0,362076,372572,3490.1,triton_tem_fused_convolution_6
0.0,3614974,39,92691.6,92767.0,89183,97503,1998.6,triton_tem_fused_convolution_15
0.0,3609692,39,92556.2,90367.0,87487,117566,6144.7,triton_red_fused__to_copy_add_convolution_div_linalg_vector_norm_mul_silu_33
0.0,3469167,1618,2144.1,1088.0,832,941656,23403.8,"void at::native::vectorized_elementwise_kernel<(int)4, at::native::<unnamed>::launch_clamp_scalar(at::TensorIteratorBase &, c10::Scalar, c10::Scalar, at::native::detail::ClampLimits)::[lambda() (instance 1)]::operator ()() const::[lambda() (instance 7)]::operator ()() const::[lambda(float) (instance 1)], std::array<char *, (unsigned long)2>>(int, T2, T3)"
0.0,3421633,357,9584.4,9888.0,5664,11552,1326.9,triton_per_fused__to_copy_add_convolution_div_linalg_vector_norm_mul_silu_10
0.0,3344604,39,85759.1,84831.0,83775,100415,2830.4,triton_poi_fused_stack_36
0.0,3194113,357,8947.1,8352.0,4288,12352,1929.0,triton_per_fused__to_copy_add_convolution_div_linalg_vector_norm_mul_7
0.0,3022785,320,9446.2,9007.5,4640,12160,1696.2,triton_per_fused__to_copy_add_convolution_div_linalg_vector_norm_mul_13
0.0,2993122,319,9382.8,8960.0,3968,12191,1624.9,triton_per_fused__to_copy_add_convolution_linalg_vector_norm_15
0.0,2858947,319,8962.2,8000.0,4224,12288,1953.1,triton_per_fused__to_copy_add_convolution_div_linalg_vector_norm_mul_8
0.0,2847477,540,5273.1,3776.0,1120,23808,5607.2,"void at::native::vectorized_elementwise_kernel<(int)4, at::native::AbsFunctor<c10::BFloat16>, std::array<char *, (unsigned long)2>>(int, T2, T3)"
0.0,2749094,40,68727.4,52720.0,51072,687705,100385.9,triton_tem_fused_convolution_23
0.0,2624614,319,8227.6,8416.0,4032,9632,853.3,triton_per_fused__to_copy_add_constant_pad_nd_convolution_linalg_vector_norm_11
0.0,2601333,40,65033.3,65024.0,64448,65888,244.0,void cutlass::Kernel2<cutlass_80_tensorop_s1688gemm_256x64_16x4_nn_align4>(T1::Params)
0.0,2585355,50,51707.1,47680.0,47168,92703,11076.2,void cutlass::Kernel2<cutlass_80_simt_sgemm_64x64_8x5_tn_align1>(T1::Params)
0.0,2492488,120,20770.7,20815.5,12000,30431,8672.9,"void cutlass::device_kernel<at::cuda::detail::enable_3x_kernel_for_sm10_or_later<cutlass::gemm::kernel::GemmUniversal<cute::tuple<int, int, int>, cutlass::gemm::collective::CollectiveMma<cutlass::gemm::MainloopSm120TmaWarpSpecialized<(int)3, (int)2, cute::tuple<cute::C<(int)1>, cute::C<(int)1>, cute::C<(int)1>>, cutlass::gemm::KernelTmaWarpSpecializedPingpongSm120<(int)2>>, cute::tuple<cute::C<(int)64>, cute::C<(int)128>, cute::C<(int)128>>, cutlass::float_e4m3_t, cute::tuple<long, cute::C<(int)1>, long>, cutlass::float_e4m3_t, cute::tuple<long, cute::C<(int)1>, long>, cute::TiledMMA<cute::MMA_Atom<cute::SM120_16x8x32_TN<cutlass::float_e4m3_t, cutlass::float_e4m3_t, float>>, cute::Layout<cute::tuple<cute::C<(int)2>, cute::C<(int)2>, cute::C<(int)1>>, cute::tuple<cute::C<(int)1>, cute::C<(int)2>, cute::C<(int)0>>>, cute::tuple<cute::C<(int)64>, cute::C<(int)32>, cute::C<(int)32>>>, cute::SM90_TMA_LOAD, cute::ComposedLayout<cute::Swizzle<(int)3, (int)4, (int)3>, cute::smem_ptr_flag_bits<(int)8>, cute::Layout<cute::tuple<cute::C<(int)8>, cute::C<(int)128>>, cute::tuple<cute::C<(int)128>, cute::C<(int)1>>>>, cute::Copy_Atom<cute::SM75_U32x4_LDSM_N, unsigned char>, cute::identity, cute::SM90_TMA_LOAD, cute::ComposedLayout<cute::Swizzle<(int)3, (int)4, (int)3>, cute::smem_ptr_flag_bits<(int)8>, cute::Layout<cute::tuple<cute::C<(int)8>, cute::C<(int)128>>, cute::tuple<cute::C<(int)128>, cute::C<(int)1>>>>, cute::Copy_Atom<cute::SM75_U32x4_LDSM_N, unsigned char>, cute::identity>, cutlass::epilogue::collective::CollectiveEpilogue<cutlass::epilogue::Sm90TmaWarpSpecialized<(int)3, (int)2, (int)4, (bool)1, (bool)0>, cute::tuple<cute::C<(int)64>, cute::C<(int)128>, cute::C<(int)128>>, cute::tuple<cute::C<(int)64>, cute::C<(int)32>>, cutlass::bfloat16_t, cute::tuple<long, cute::C<(int)1>, long>, cutlass::bfloat16_t, cute::tuple<long, cute::C<(int)1>, long>, cutlass::epilogue::fusion::Sm90TreeVisitor<cutlass::epilogue::fusion::Sm90Compute<cutlass::epilogue::thread::Identity, cutlass::bfloat16_t, float, (cutlass::FloatRoundStyle)2, void>, cutlass::epilogue::fusion::Sm90TreeVisitor<cutlass::epilogue::fusion::Sm90Compute<cutlass::plus, float, float, (cutlass::FloatRoundStyle)2, void>, cutlass::epilogue::fusion::Sm90RowBroadcast<(int)0, cute::tuple<cute::C<(int)64>, cute::C<(int)128>, cute::C<(int)128>>, cutlass::bfloat16_t, cutlass::bfloat16_t, cute::tuple<cute::C<(int)0>, cute::C<(int)1>, cute::C<(int)0>>, (int)8, (bool)1>, cutlass::epilogue::fusion::Sm90TreeVisitor<cutlass::epilogue::fusion::Sm90Compute<cutlass::multiplies, float, float, (cutlass::FloatRoundStyle)2, void>, cutlass::epilogue::fusion::Sm90RowBroadcast<(int)0, cute::tuple<cute::C<(int)64>, cute::C<(int)128>, cute::C<(int)128>>, float, float, cute::tuple<cute::C<(int)0>, cute::C<(int)1>, cute::C<(int)0>>, (int)4, (bool)1>, cutlass::epilogue::fusion::Sm90TreeVisitor<cutlass::epilogue::fusion::Sm90Compute<cutlass::multiplies, float, float, (cutlass::FloatRoundStyle)2, void>, cutlass::epilogue::fusion::Sm90ColBroadcast<(int)0, cute::tuple<cute::C<(int)64>, cute::C<(int)128>, cute::C<(int)128>>, float, float, cute::tuple<cute::C<(int)1>, cute::C<(int)0>, cute::C<(int)0>>, (int)4, (bool)1>, cutlass::epilogue::fusion::Sm90AccFetch>>>>, cute::SM90_TMA_LOAD, cute::ComposedLayout<cute::Swizzle<(int)2, (int)4, (int)3>, cute::smem_ptr_flag_bits<(int)16>, cute::Layout<cute::tuple<cute::C<(int)8>, cute::C<(int)32>>, cute::tuple<cute::C<(int)32>, cute::C<(int)1>>>>, cute::SM75_U32x2_LDSM_N, cute::SM90_TMA_STORE, cute::ComposedLayout<cute::Swizzle<(int)2, (int)4, (int)3>, cute::smem_ptr_flag_bits<(int)16>, cute::Layout<cute::tuple<cute::C<(int)8>, cute::C<(int)32>>, cute::tuple<cute::C<(int)32>, cute::C<(int)1>>>>, cute::SM90_U32x2_STSM_N, cute::Copy_Atom<cute::SM90_U32x2_STSM_N, cutlass::half_t>, void>, void, void>>>(T1::Params)"
0.0,2476570,50,49531.4,49536.0,49280,49728,116.7,"void sgemm_largek_lds64<(bool)1, (bool)0, (int)5, (int)5, (int)4, (int)4, (int)4, (int)34>(float *, const float *, const float *, int, int, int, int, int, int, const float *, const float *, float, float, int, int, int *, int *)"
0.0,2433549,3000,811.2,704.0,640,13344,612.3,triton_per_fused_cat_cumsum_4
0.0,2423854,3000,808.0,704.0,608,13952,615.1,triton_per_fused_cat_cumsum_3
0.0,2320111,430,5395.6,4720.0,3584,8512,1646.0,triton_per_fused__to_copy_constant_pad_nd_convolution_linalg_vector_norm_3
0.0,2237900,100,22379.0,19023.5,9024,158686,19446.8,"void cudnn::engines_precompiled::nhwcToNchwKernel<__nv_bfloat16, __nv_bfloat16, float, (bool)1, (bool)0, (cudnnKernelDataType_t)0>(cudnn::engines_precompiled::nhwc2nchw_params_t<T3>, const T1 *, T2 *)"
0.0,2183497,1524,1432.7,1440.0,832,2432,391.5,triton_poi_fused_clone_1
0.0,2155469,540,3991.6,3392.0,3327,9888,1688.7,"void at::native::reduce_kernel<(int)512, (int)1, at::native::ReduceOp<c10::BFloat16, at::native::func_wrapper_t<c10::BFloat16, at::native::MaxNanFunctor<c10::BFloat16>>, unsigned int, c10::BFloat16, (int)4, (int)4>>(T3)"
0.0,2126154,100,21261.5,16976.0,11072,51552,11745.5,"void gemv2T_kernel_val<int, int, float, float, float, float, (int)128, (int)16, (int)4, (int)4, (bool)0, (bool)1, cublasGemvParamsEx<int, cublasGemvTensorStridedBatched<const float>, cublasGemvTensorStridedBatched<const float>, cublasGemvTensorStridedBatched<float>, float>>(T13, T6, T6)"
0.0,2010508,39,51551.5,51039.0,40576,66431,5294.7,triton_red_fused__to_copy_add_convolution_linalg_vector_norm_30
0.0,1828981,540,3387.0,2528.0,1568,11616,2798.5,"void at::native::vectorized_elementwise_kernel<(int)4, at::native::float8_copy_kernel_cuda(at::TensorIteratorBase &)::[lambda(float) (instance 1)], std::array<char *, (unsigned long)2>>(int, T2, T3)"
0.0,1534040,1,1534040.0,1534040.0,1534040,1534040,0.0,"void gemmSN_TN_kernel<float, (int)128, (int)16, (int)2, (int)4, (int)4, (int)4, (bool)0, cublasGemvTensorStridedBatched<const float>, cublasGemvTensorStridedBatched<const float>, cublasGemvTensorStridedBatched<float>>(cublasGemmSmallNParams<T9, T10, T11, T1>)"
0.0,1365301,200,6826.5,5040.0,2112,35584,5308.4,"void cudnn::engines_precompiled::nchwToNhwcKernel<__nv_bfloat16, __nv_bfloat16, float, (bool)0, (bool)1, (cudnnKernelDataType_t)0>(cudnn::engines_precompiled::nchw2nhwc_params_t<T3>, const T1 *, T2 *)"
0.0,1358393,39,34830.6,34784.0,34016,35872,511.7,triton_tem_fused__to_copy_add_convolution_div_mul_8
0.0,1335801,1,1335801.0,1335801.0,1335801,1335801,0.0,"void at::native::<unnamed>::CatArrayBatchedCopy<at::native::<unnamed>::OpaqueType<(unsigned int)4>, unsigned int, (int)3, (int)64, (int)64>(T1 *, at::native::<unnamed>::CatArrInputTensorMetadata<T1, T2, T4, T5>, at::native::<unnamed>::TensorSizeStride<T2, (unsigned int)4>, int, T2)"
0.0,1317397,52,25334.6,4576.0,4351,1063991,146880.6,"void at::native::<unnamed>::CatArrayBatchedCopy<at::native::<unnamed>::OpaqueType<(unsigned int)4>, unsigned int, (int)4, (int)64, (int)64>(T1 *, at::native::<unnamed>::CatArrInputTensorMetadata<T1, T2, T4, T5>, at::native::<unnamed>::TensorSizeStride<T2, (unsigned int)4>, int, T2)"
0.0,1252760,100,12527.6,14848.0,9152,17504,2886.8,"void at::native::<unnamed>::vectorized_layer_norm_kernel<float, float>(int, T2, const T1 *, const T1 *, const T1 *, T2 *, T2 *, T1 *)"
0.0,1054547,39,27039.7,27008.0,25951,28256,500.5,triton_tem_fused_convolution_2
0.0,1024060,373,2745.5,2368.0,1056,10816,1221.2,"void at::native::unrolled_elementwise_kernel<at::native::direct_copy_kernel_cuda(at::TensorIteratorBase &)::[lambda() (instance 3)]::operator ()() const::[lambda() (instance 6)]::operator ()() const::[lambda(double) (instance 1)], std::array<char *, (unsigned long)2>, (int)4, TrivialOffsetCalculator<(int)1, unsigned int>, TrivialOffsetCalculator<(int)1, unsigned int>, at::native::memory::LoadWithCast<(int)1>, at::native::memory::StoreWithCast<(int)1>>(int, T1, T2, T4, T5, T6, T7)"
0.0,1010263,52,19428.1,1344.0,1343,765561,108160.1,"void at::native::<unnamed>::CatArrayBatchedCopy_alignedK_contig<at::native::<unnamed>::OpaqueType<(unsigned int)4>, unsigned int, (int)3, (int)128, (int)1, (int)16>(T1 *, at::native::<unnamed>::CatArrInputTensorMetadata<T1, T2, T4, T5>, at::native::<unnamed>::TensorSizeStride<T2, (unsigned int)4>, int, T2)"
0.0,1000790,675,1482.7,1440.0,992,2208,165.1,triton_poi_fused_cat_0
0.0,935992,41,22829.1,22176.0,22047,49504,4270.7,void cutlass::Kernel2<cutlass_80_tensorop_s1688gemm_128x128_16x5_nn_align4>(T1::Params)
0.0,856444,728,1176.4,896.0,800,2240,538.8,"void at::native::vectorized_elementwise_kernel<(int)4, at::native::BUnaryFunctor<float, float, float, at::native::binary_internal::MulFunctor<float>>, std::array<char *, (unsigned long)2>>(int, T2, T3)"
0.0,840408,39,21548.9,21280.0,20832,26015,885.7,triton_poi_fused__to_copy_add_clone_div_mul_silu_20
0.0,725912,200,3629.6,3455.5,2528,17952,1705.9,"void at::native::elementwise_kernel<(int)128, (int)4, void at::native::gpu_kernel_impl<at::native::direct_copy_kernel_cuda(at::TensorIteratorBase &)::[lambda() (instance 3)]::operator ()() const::[lambda() (instance 7)]::operator ()() const::[lambda(float) (instance 1)]>(at::TensorIteratorBase &, const T1 &)::[lambda(int) (instance 1)]>(int, T3)"
0.0,714232,200,3571.2,3440.0,2400,26464,1968.4,"void at::native::elementwise_kernel<(int)128, (int)2, void at::native::gpu_kernel_impl_nocast<at::native::CUDAFunctor_add<double>>(at::TensorIteratorBase &, const T1 &)::[lambda(int) (instance 1)]>(int, T3)"
0.0,683230,300,2277.4,2208.0,1568,3712,519.9,"void at::native::elementwise_kernel<(int)128, (int)2, void at::native::gpu_kernel_impl_nocast<at::native::direct_copy_kernel_cuda(at::TensorIteratorBase &)::[lambda() (instance 3)]::operator ()() const::[lambda() (instance 6)]::operator ()() const::[lambda(double) (instance 1)]>(at::TensorIteratorBase &, const T1 &)::[lambda(int) (instance 1)]>(int, T3)"
0.0,681531,100,6815.3,6464.0,4256,23072,3204.3,"std::enable_if<!T7, void>::type internal::gemvx::kernel<int, int, float, float, float, float, (bool)0, (bool)1, (bool)1, (bool)0, (int)7, (bool)0, cublasGemvParamsEx<int, cublasGemvTensorStridedBatched<const float>, cublasGemvTensorStridedBatched<const float>, cublasGemvTensorStridedBatched<float>, float>>(T13)"
0.0,647031,637,1015.7,928.0,832,1888,150.1,triton_poi_fused_constant_pad_nd_0
0.0,625428,39,16036.6,16032.0,15680,16576,216.9,triton_tem_fused_convolution_9
0.0,585754,1,585754.0,585754.0,585754,585754,0.0,"void at::native::unrolled_elementwise_kernel<at::native::direct_copy_kernel_cuda(at::TensorIteratorBase &)::[lambda() (instance 3)]::operator ()() const::[lambda() (instance 1)]::operator ()() const::[lambda(unsigned char) (instance 1)], std::array<char *, (unsigned long)2>, (int)4, TrivialOffsetCalculator<(int)1, unsigned int>, TrivialOffsetCalculator<(int)1, unsigned int>, at::native::memory::LoadWithCast<(int)1>, at::native::memory::StoreWithCast<(int)1>>(int, T1, T2, T4, T5, T6, T7)"
0.0,545498,3,181832.7,181598.0,179198,184702,2759.5,triton_poi_fused__to_copy_add_constant_pad_nd_convolution_div_mul_silu_57
0.0,509657,39,13068.1,12799.0,12320,16319,942.4,triton_poi_fused_cat_22
0.0,495803,40,12395.1,13008.0,6976,14016,1421.3,triton_poi_fused_clone_24
0.0,491388,100,4913.9,4800.0,4640,7296,486.0,"void at::native::elementwise_kernel<(int)128, (int)4, void at::native::gpu_kernel_impl<at::native::CUDAFunctor_add<float>>(at::TensorIteratorBase &, const T1 &)::[lambda(int) (instance 1)]>(int, T3)"
0.0,465788,103,4522.2,4384.0,3520,8863,685.8,"void at::native::elementwise_kernel<(int)128, (int)4, void at::native::gpu_kernel_impl<at::native::<unnamed>::pow_tensor_tensor_kernel(at::TensorIteratorBase &)::[lambda() (instance 1)]::operator ()() const::[lambda() (instance 6)]::operator ()() const::[lambda(double, double) (instance 1)]>(at::TensorIteratorBase &, const T1 &)::[lambda(int) (instance 1)]>(int, T3)"
0.0,426968,78,5473.9,1728.0,1504,19488,6871.2,"void at::native::elementwise_kernel<(int)128, (int)4, void at::native::gpu_kernel_impl_nocast<at::native::direct_copy_kernel_cuda(at::TensorIteratorBase &)::[lambda() (instance 3)]::operator ()() const::[lambda() (instance 10)]::operator ()() const::[lambda(c10::Half) (instance 1)]>(at::TensorIteratorBase &, const T1 &)::[lambda(int) (instance 1)]>(int, T3)"
0.0,421371,100,4213.7,4079.5,2464,12352,1823.2,"std::enable_if<!T7, void>::type internal::gemvx::kernel<int, int, float, float, float, float, (bool)0, (bool)1, (bool)1, (bool)0, (int)6, (bool)0, cublasGemvParamsEx<int, cublasGemvTensorStridedBatched<const float>, cublasGemvTensorStridedBatched<const float>, cublasGemvTensorStridedBatched<float>, float>>(T13)"
0.0,400959,39,10281.0,10016.0,9280,12736,824.9,triton_poi_fused_convolution_64
0.0,389340,39,9983.1,9984.0,9503,11008,310.9,triton_poi_fused_convolution_21
0.0,366718,6,61119.7,57872.0,49343,78400,10077.3,triton_poi_fused_clone_41
0.0,358684,20,17934.2,12799.5,7744,32415,10970.6,"void at::native::vectorized_elementwise_kernel<(int)4, at::native::CUDAFunctor_add<c10::BFloat16>, std::array<char *, (unsigned long)3>>(int, T2, T3)"
0.0,356893,1,356893.0,356893.0,356893,356893,0.0,triton_tem_fused_convolution_36
0.0,348797,1,348797.0,348797.0,348797,348797,0.0,triton_tem_fused_convolution_50
0.0,347325,1,347325.0,347325.0,347325,347325,0.0,triton_tem_fused__to_copy_constant_pad_nd_convolution_silu_65
0.0,327069,20,16353.5,14144.0,7424,33791,9455.3,"void at::native::vectorized_elementwise_kernel<(int)4, at::native::<unnamed>::silu_kernel(at::TensorIteratorBase &)::[lambda() (instance 1)]::operator ()() const::[lambda() (instance 6)]::operator ()() const::[lambda(c10::BFloat16) (instance 1)], std::array<char *, (unsigned long)2>>(int, T2, T3)"
0.0,313500,52,6028.8,5632.0,2944,12288,1282.1,"void at::native::<unnamed>::CatArrayBatchedCopy_alignedK_contig<at::native::<unnamed>::OpaqueType<(unsigned int)4>, unsigned int, (int)4, (int)128, (int)1, (int)16>(T1 *, at::native::<unnamed>::CatArrInputTensorMetadata<T1, T2, T4, T5>, at::native::<unnamed>::TensorSizeStride<T2, (unsigned int)4>, int, T2)"
0.0,306046,124,2468.1,1088.0,832,11392,3219.6,"void at::native::vectorized_elementwise_kernel<(int)4, at::native::float16_copy_kernel_cuda(at::TensorIteratorBase &)::[lambda(float) (instance 1)], std::array<char *, (unsigned long)2>>(int, T2, T3)"
0.0,279519,40,6988.0,6800.0,3872,12000,1024.6,triton_red_fused__to_copy_linalg_vector_norm_19
0.0,277277,1,277277.0,277277.0,277277,277277,0.0,triton_poi_fused__to_copy_add_constant_pad_nd_div_mul_silu_53
0.0,261696,60,4361.6,4432.0,2784,6080,1502.4,"void at::native::elementwise_kernel<(int)128, (int)4, void at::native::gpu_kernel_impl_nocast<at::native::BinaryFunctor<c10::BFloat16, c10::BFloat16, c10::BFloat16, at::native::binary_internal::MulFunctor<float>>>(at::TensorIteratorBase &, const T1 &)::[lambda(int) (instance 1)]>(int, T3)"
0.0,253120,100,2531.2,2368.0,2080,11200,947.2,"void at::native::vectorized_elementwise_kernel<(int)2, at::native::cos_kernel_cuda(at::TensorIteratorBase &)::[lambda() (instance 2)]::operator ()() const::[lambda() (instance 1)]::operator ()() const::[lambda(double) (instance 1)], std::array<char *, (unsigned long)2>>(int, T2, T3)"
0.0,251902,1,251902.0,251902.0,251902,251902,0.0,triton_poi_fused__to_copy_constant_pad_nd_silu_60
0.0,249375,100,2493.8,2368.0,2080,11231,905.3,"void at::native::vectorized_elementwise_kernel<(int)2, at::native::sin_kernel_cuda(at::TensorIteratorBase &)::[lambda() (instance 2)]::operator ()() const::[lambda() (instance 1)]::operator ()() const::[lambda(double) (instance 1)], std::array<char *, (unsigned long)2>>(int, T2, T3)"
0.0,247550,3,82516.7,82624.0,80863,84063,1602.7,triton_poi_fused__to_copy_add_constant_pad_nd_convolution_div_mul_silu_43
0.0,216894,39,5561.4,5536.0,5280,6368,190.5,triton_poi_fused_stack_16
0.0,208511,150,1390.1,1184.0,992,3232,385.9,"void cublasLt::epilogue::impl::globalKernel<(int)8, (int)32, float, float, float, (bool)1, (bool)1, (int)1>(int, int, long, T3 *, cublasLtEpilogue_t, int, T4 *, long, void *, long, long, long, T5 *, long, int *)"
0.0,202848,140,1448.9,1056.0,832,12480,1113.8,"void at::native::elementwise_kernel<(int)128, (int)2, void at::native::gpu_kernel_impl_nocast<at::native::BinaryFunctor<double, double, double, at::native::binary_internal::MulFunctor<double>>>(at::TensorIteratorBase &, const T1 &)::[lambda(int) (instance 1)]>(int, T3)"
0.0,200542,60,3342.4,3328.0,3296,3455,29.1,"void at::native::reduce_kernel<(int)512, (int)1, at::native::ReduceOp<float, at::native::MeanOps<float, float, float, float>, unsigned int, float, (int)4, (int)4>>(T3)"
0.0,193598,2,96799.0,96799.0,48832,144766,67835.6,void cutlass::Kernel2<cutlass_80_tensorop_bf16_s16816gemm_relu_bf16_128x64_64x3_tn_align8>(T1::Params)
0.0,183423,1,183423.0,183423.0,183423,183423,0.0,triton_poi_fused__to_copy_add_constant_pad_nd_div_mul_silu_62
0.0,174622,1,174622.0,174622.0,174622,174622,0.0,triton_poi_fused__to_copy_add_convolution_div_mul_59
0.0,169822,1,169822.0,169822.0,169822,169822,0.0,triton_poi_fused_stack_37
0.0,169280,100,1692.8,1648.0,1248,2624,437.5,"void cublasLt::splitKreduce_kernel<(int)32, (int)16, int, float, float, float, float, (bool)0, float, float, float, (bool)1, (bool)0, (bool)0>(cublasLt::cublasSplitKParams<T6>, const T4 *, const T10 *, T9 *, T5 *, const T6 *, const T6 *, const T11 *, const T4 *, T11 *, void *, long, T6 *, int *, T6 *, T6 *, const T6 *, const T6 *, const T6 *, const T6 *, const T6 *)"
0.0,168574,1,168574.0,168574.0,168574,168574,0.0,triton_red_fused__to_copy_add_convolution_linalg_vector_norm_61
0.0,148734,66,2253.5,2656.0,1087,13440,1841.2,"void at::native::<unnamed>::distribution_elementwise_grid_stride_kernel<float, (int)4, void at::native::templates::cuda::normal_and_transform<float, float, at::CUDAGeneratorImpl *, void at::native::templates::cuda::normal_kernel<at::CUDAGeneratorImpl *>(const at::TensorBase &, double, double, T1)::[lambda() (instance 1)]::operator ()() const::[lambda() (instance 2)]::operator ()() const::[lambda(float) (instance 1)]>(at::TensorIteratorBase &, T3, T4)::[lambda(curandStatePhilox4_32_10 *) (instance 2)], void at::native::<unnamed>::distribution_nullary_kernel<float, float, float4, at::CUDAGeneratorImpl *, void at::native::templates::cuda::normal_and_transform<float, float, at::CUDAGeneratorImpl *, void at::native::templates::cuda::normal_kernel<at::CUDAGeneratorImpl *>(const at::TensorBase &, double, double, T1)::[lambda() (instance 1)]::operator ()() const::[lambda() (instance 2)]::operator ()() const::[lambda(float) (instance 1)]>(at::TensorIteratorBase &, T3, T4)::[lambda(curandStatePhilox4_32_10 *) (instance 2)], void at::native::templates::cuda::normal_kernel<at::CUDAGeneratorImpl *>(const at::TensorBase &, double, double, T1)::[lambda() (instance 1)]::operator ()() const::[lambda() (instance 2)]::operator ()() const::[lambda(float) (instance 1)]>(at::TensorIteratorBase &, T4, const T5 &, T6)::[lambda(int, float) (instance 1)]>(long, at::PhiloxCudaState, T3, T4)"
0.0,144670,3,48223.3,52223.0,38368,54079,8585.3,triton_per_fused__to_copy_convolution_linalg_vector_norm_56
0.0,135743,1,135743.0,135743.0,135743,135743,0.0,triton_poi_fused__to_copy_add_constant_pad_nd_div_mul_silu_39
0.0,133472,60,2224.5,2208.0,1664,3136,518.3,"void at::native::vectorized_elementwise_kernel<(int)4, void at::native::<unnamed>::pow_tensor_scalar_kernel_impl<float, float>(at::TensorIteratorBase &, T2)::[lambda(float) (instance 1)], std::array<char *, (unsigned long)2>>(int, T2, T3)"
0.0,124863,1,124863.0,124863.0,124863,124863,0.0,triton_red_fused__to_copy_add_convolution_linalg_vector_norm_58
0.0,115519,1,115519.0,115519.0,115519,115519,0.0,triton_poi_fused__to_copy_constant_pad_nd_silu_46
0.0,113440,103,1101.4,1024.0,992,2272,209.6,"void at::native::vectorized_elementwise_kernel<(int)2, at::native::BUnaryFunctor<double, double, double, at::native::binary_internal::MulFunctor<double>>, std::array<char *, (unsigned long)2>>(int, T2, T3)"
0.0,105407,3,35135.7,34944.0,34815,35648,448.4,triton_poi_fused__to_copy_add_constant_pad_nd_convolution_div_mul_silu_26
0.0,93664,40,2341.6,2336.0,2272,2432,33.9,"void at::native::vectorized_elementwise_kernel<(int)2, at::native::CUDAFunctor_add<double>, std::array<char *, (unsigned long)3>>(int, T2, T3)"
0.0,91648,100,916.5,864.0,800,1984,175.5,"void at::native::<unnamed>::CatArrayBatchedCopy_alignedK_contig<at::native::<unnamed>::OpaqueType<(unsigned int)8>, unsigned int, (int)2, (int)128, (int)1, (int)16>(T1 *, at::native::<unnamed>::CatArrInputTensorMetadata<T1, T2, T4, T5>, at::native::<unnamed>::TensorSizeStride<T2, (unsigned int)4>, int, T2)"
0.0,89854,100,898.5,832.0,800,1664,168.1,"void at::native::vectorized_elementwise_kernel<(int)2, at::native::neg_kernel_cuda(at::TensorIteratorBase &)::[lambda() (instance 2)]::operator ()() const::[lambda() (instance 6)]::operator ()() const::[lambda(double) (instance 1)], std::array<char *, (unsigned long)2>>(int, T2, T3)"
0.0,89055,1,89055.0,89055.0,89055,89055,0.0,triton_poi_fused__to_copy_add_constant_pad_nd_div_mul_silu_48
0.0,85439,1,85439.0,85439.0,85439,85439,0.0,triton_poi_fused__to_copy_add_convolution_div_mul_45
0.0,77343,2,38671.5,38671.5,19968,57375,26450.7,void cutlass::Kernel2<cutlass_80_tensorop_bf16_s16816gemm_relu_bf16_128x64_32x6_tn_align8>(T1::Params)
0.0,77310,40,1932.8,1888.0,1792,2304,139.0,"void at::native::elementwise_kernel<(int)128, (int)4, void at::native::gpu_kernel_impl_nocast<at::native::CUDAFunctor_add<c10::Half>>(at::TensorIteratorBase &, const T1 &)::[lambda(int) (instance 1)]>(int, T3)"
0.0,76895,1,76895.0,76895.0,76895,76895,0.0,triton_red_fused__to_copy_add_convolution_linalg_vector_norm_47
0.0,74783,3,24927.7,32640.0,9439,32704,13413.6,"void gemmSN_TN_kernel<float, (int)128, (int)16, (int)2, (int)4, (int)8, (int)9, (bool)0, cublasGemvTensorStridedBatched<const float>, cublasGemvTensorStridedBatched<const float>, cublasGemvTensorStridedBatched<float>>(cublasGemmSmallNParams<T9, T10, T11, T1>)"
0.0,71103,5,14220.6,14112.0,12896,15551,962.7,triton_poi_fused_clone_28
0.0,69408,1,69408.0,69408.0,69408,69408,0.0,triton_red_fused__to_copy_add_convolution_linalg_vector_norm_44
0.0,68736,40,1718.4,1664.0,1632,2144,118.0,void cutlass::Kernel2<cutlass_80_wmma_tensorop_f16_s161616gemm_f16_32x32_32x1_nn_align8>(T1::Params)
0.0,57983,60,966.4,960.0,928,1024,24.2,"void at::native::vectorized_elementwise_kernel<(int)4, at::native::rsqrt_kernel_cuda(at::TensorIteratorBase &)::[lambda() (instance 2)]::operator ()() const::[lambda() (instance 2)]::operator ()() const::[lambda(float) (instance 1)], std::array<char *, (unsigned long)2>>(int, T2, T3)"
0.0,53088,1,53088.0,53088.0,53088,53088,0.0,triton_poi_fused__to_copy_constant_pad_nd_silu_31
0.0,46048,50,921.0,912.0,896,1280,55.7,"void scal_kernel<float, float, (int)1, (bool)1, (int)6, (int)5, (int)5, (int)3>(cublasTransposeParams<T2>, const T1 *, T1 *, const T2 *)"
0.0,38272,10,3827.2,3712.0,3520,4544,319.4,"void at::native::elementwise_kernel<(int)128, (int)4, void at::native::gpu_kernel_impl<at::native::direct_copy_kernel_cuda(at::TensorIteratorBase &)::[lambda() (instance 3)]::operator ()() const::[lambda() (instance 6)]::operator ()() const::[lambda(double) (instance 1)]>(at::TensorIteratorBase &, const T1 &)::[lambda(int) (instance 1)]>(int, T3)"
0.0,35199,1,35199.0,35199.0,35199,35199,0.0,triton_red_fused__to_copy_linalg_vector_norm_52
0.0,34143,1,34143.0,34143.0,34143,34143,0.0,triton_tem_fused__to_copy_add_convolution_div_mul_9
0.0,33536,1,33536.0,33536.0,33536,33536,0.0,triton_red_fused__to_copy_add_convolution_linalg_vector_norm_32
0.0,33471,1,33471.0,33471.0,33471,33471,0.0,triton_poi_fused__to_copy_add_constant_pad_nd_div_mul_silu_34
0.0,32640,1,32640.0,32640.0,32640,32640,0.0,triton_poi_fused_add_convolution_49
0.0,28224,1,28224.0,28224.0,28224,28224,0.0,triton_tem_fused_convolution_21
0.0,27552,1,27552.0,27552.0,27552,27552,0.0,triton_poi_fused__to_copy_add_convolution_div_mul_30
0.0,26368,1,26368.0,26368.0,26368,26368,0.0,triton_tem_fused_constant_pad_nd_convolution_2
0.0,22175,1,22175.0,22175.0,22175,22175,0.0,triton_poi_fused__to_copy_add_constant_pad_nd_div_mul_silu_22
0.0,19135,1,19135.0,19135.0,19135,19135,0.0,triton_red_fused__to_copy_add_convolution_linalg_vector_norm_29
0.0,17824,1,17824.0,17824.0,17824,17824,0.0,triton_poi_fused_clone_new_zeros_33
0.0,15776,1,15776.0,15776.0,15776,15776,0.0,triton_tem_fused_convolution_10
0.0,15520,3,5173.3,5088.0,5056,5376,176.2,"void at::native::unrolled_elementwise_kernel<at::native::<unnamed>::polar_kernel_cuda(at::TensorIterator &)::[lambda() (instance 1)]::operator ()() const::[lambda() (instance 1)]::operator ()() const::[lambda(double, double) (instance 1)], std::array<char *, (unsigned long)3>, (int)4, TrivialOffsetCalculator<(int)2, unsigned int>, TrivialOffsetCalculator<(int)1, unsigned int>, at::native::memory::LoadWithoutCast, at::native::memory::StoreWithoutCast>(int, T1, T2, T4, T5, T6, T7)"
0.0,13087,2,6543.5,6543.5,3999,9088,3598.5,"void at::native::<unnamed>::CatArrayBatchedCopy_alignedK_contig<at::native::<unnamed>::OpaqueType<(unsigned int)2>, unsigned int, (int)2, (int)128, (int)1, (int)8>(T1 *, at::native::<unnamed>::CatArrInputTensorMetadata<T1, T2, T4, T5>, at::native::<unnamed>::TensorSizeStride<T2, (unsigned int)4>, int, T2)"
0.0,12416,1,12416.0,12416.0,12416,12416,0.0,triton_poi_fused_add_convolution_35
0.0,11424,1,11424.0,11424.0,11424,11424,0.0,triton_red_fused__to_copy_linalg_vector_norm_38
0.0,11424,10,1142.4,1120.0,1088,1344,75.5,"void at::native::vectorized_elementwise_kernel<(int)4, at::native::CUDAFunctorOnOther_add<float>, std::array<char *, (unsigned long)2>>(int, T2, T3)"
0.0,11104,10,1110.4,1088.0,1088,1216,40.1,"void at::native::vectorized_elementwise_kernel<(int)2, at::native::CUDAFunctorOnOther_add<float>, std::array<char *, (unsigned long)2>>(int, T2, T3)"
0.0,10496,10,1049.6,1024.0,1024,1120,36.3,"void at::native::unrolled_elementwise_kernel<at::native::CUDAFunctorOnOther_add<float>, std::array<char *, (unsigned long)2>, (int)4, TrivialOffsetCalculator<(int)1, unsigned int>, TrivialOffsetCalculator<(int)1, unsigned int>, at::native::memory::LoadWithoutCast, at::native::memory::StoreWithoutCast>(int, T1, T2, T4, T5, T6, T7)"
0.0,9728,1,9728.0,9728.0,9728,9728,0.0,"void at::native::<unnamed>::CatArrayBatchedCopy_alignedK_contig<at::native::<unnamed>::OpaqueType<(unsigned int)4>, unsigned int, (int)2, (int)128, (int)1, (int)16>(T1 *, at::native::<unnamed>::CatArrInputTensorMetadata<T1, T2, T4, T5>, at::native::<unnamed>::TensorSizeStride<T2, (unsigned int)4>, int, T2)"
0.0,9152,8,1144.0,1152.0,896,1280,141.8,"void at::native::<unnamed>::CatArrayBatchedCopy_alignedK_contig<at::native::<unnamed>::OpaqueType<(unsigned int)4>, unsigned int, (int)1, (int)128, (int)1, (int)16>(T1 *, at::native::<unnamed>::CatArrInputTensorMetadata<T1, T2, T4, T5>, at::native::<unnamed>::TensorSizeStride<T2, (unsigned int)4>, int, T2)"
0.0,8960,3,2986.7,2912.0,2624,3424,405.2,"void at::native::elementwise_kernel<(int)128, (int)4, void at::native::gpu_kernel_impl<at::native::BinaryFunctor<double, double, double, at::native::binary_internal::MulFunctor<double>>>(at::TensorIteratorBase &, const T1 &)::[lambda(int) (instance 1)]>(int, T3)"
0.0,4864,1,4864.0,4864.0,4864,4864,0.0,triton_poi_fused_clone_convolution_20
0.0,4256,1,4256.0,4256.0,4256,4256,0.0,"void at::native::reduce_kernel<(int)512, (int)1, at::native::ReduceOp<float, at::native::NormTwoOps<float, float, float>, unsigned int, float, (int)4, (int)4>>(T3)"
0.0,4192,2,2096.0,2096.0,1472,2720,882.5,"void at::native::vectorized_elementwise_kernel<(int)4, at::native::GeluCUDAKernelImpl(at::TensorIteratorBase &, at::native::GeluType)::[lambda() (instance 1)]::operator ()() const::[lambda() (instance 4)]::operator ()() const::[lambda(c10::BFloat16) (instance 1)], std::array<char *, (unsigned long)2>>(int, T2, T3)"
0.0,4128,6,688.0,688.0,672,704,17.5,"void <unnamed>::elementwise_kernel_with_index<int, at::native::arange_cuda_out(const c10::Scalar &, const c10::Scalar &, const c10::Scalar &, at::Tensor &)::[lambda() (instance 1)]::operator ()() const::[lambda() (instance 4)]::operator ()() const::[lambda(long) (instance 1)]>(T1, T2, function_traits<T2>::result_type *)"
0.0,3295,1,3295.0,3295.0,3295,3295,0.0,triton_poi_fused__to_copy_constant_pad_nd_convolution_silu_66
0.0,3264,3,1088.0,1088.0,1088,1088,0.0,"void at::native::vectorized_elementwise_kernel<(int)2, at::native::AUnaryFunctor<double, double, double, at::native::binary_internal::MulFunctor<double>>, std::array<char *, (unsigned long)2>>(int, T2, T3)"
0.0,3200,3,1066.7,1056.0,1056,1088,18.5,"void at::native::vectorized_elementwise_kernel<(int)2, at::native::reciprocal_kernel_cuda(at::TensorIteratorBase &)::[lambda() (instance 1)]::operator ()() const::[lambda() (instance 1)]::operator ()() const::[lambda(double) (instance 1)], std::array<char *, (unsigned long)2>>(int, T2, T3)"
0.0,2400,2,1200.0,1200.0,1184,1216,22.6,"void at::native::vectorized_elementwise_kernel<(int)4, at::native::reciprocal_kernel_cuda(at::TensorIteratorBase &)::[lambda() (instance 1)]::operator ()() const::[lambda() (instance 2)]::operator ()() const::[lambda(float) (instance 1)], std::array<char *, (unsigned long)2>>(int, T2, T3)"
0.0,2304,3,768.0,768.0,768,768,0.0,"void at::native::vectorized_elementwise_kernel<(int)2, at::native::FillFunctor<double>, std::array<char *, (unsigned long)1>>(int, T2, T3)"
0.0,1664,2,832.0,832.0,768,896,90.5,"void <unnamed>::elementwise_kernel_with_index<int, at::native::arange_cuda_out(const c10::Scalar &, const c10::Scalar &, const c10::Scalar &, at::Tensor &)::[lambda() (instance 1)]::operator ()() const::[lambda() (instance 7)]::operator ()() const::[lambda(long) (instance 1)]>(T1, T2, function_traits<T2>::result_type *)"
0.0,1280,1,1280.0,1280.0,1280,1280,0.0,"void at::native::<unnamed>::CatArrayBatchedCopy_contig<at::native::<unnamed>::OpaqueType<(unsigned int)16>, unsigned int, (int)2, (int)128, (int)1>(T1 *, at::native::<unnamed>::CatArrInputTensorMetadata<T1, T2, T4, T5>, at::native::<unnamed>::TensorSizeStride<T2, (unsigned int)4>, int, T2)"
0.0,864,1,864.0,864.0,864,864,0.0,"void at::native::unrolled_elementwise_kernel<at::native::AUnaryFunctor<long, long, long, at::native::binary_internal::MulFunctor<long>>, std::array<char *, (unsigned long)2>, (int)4, TrivialOffsetCalculator<(int)1, unsigned int>, TrivialOffsetCalculator<(int)1, unsigned int>, at::native::memory::LoadWithoutCast, at::native::memory::StoreWithoutCast>(int, T1, T2, T4, T5, T6, T7)"

