pair	frames	psnr_chunk1	lpips_chunk1	psnr_clip	meandiff_clip_255	lpips_clip	psnr_last_chunk	lpips_last_chunk
fast2:fast1	157	29.85	0.0216	22.14	9.95	0.1317	20.81	0.1628
fast3:fast1	157	31.87	0.0156	24.55	8.44	0.1123	22.52	0.1589
fast3:fast2	157	30.14	0.0181	21.68	11.22	0.1530	19.81	0.2214
qk1:fast1	157	27.03	0.0246	21.87	9.58	0.1121	21.86	0.1202
qk2:fast1	157	31.05	0.0168	27.38	4.97	0.0438	25.61	0.0581
qk3:fast1	157	27.81	0.0236	23.97	7.30	0.0778	23.96	0.0846
qkv1:fast1	157	27.53	0.0233	23.79	7.97	0.0835	23.91	0.0967
qkv2:fast1	157	28.99	0.0222	25.02	6.66	0.0677	24.35	0.0760
qkv3:fast1	157	25.55	0.0304	22.65	8.65	0.1027	23.02	0.1126
fast1:stock	157	26.04	0.0342	21.03	11.59	0.1451	20.12	0.1951
fast2:stock	157	25.84	0.0352	19.99	13.79	0.1906	19.24	0.2281
fast3:stock	157	26.73	0.0311	21.37	11.62	0.1629	21.10	0.2042
qk1:stock	157	29.76	0.0267	22.27	10.99	0.1260	21.32	0.1618
qk2:stock	157	27.13	0.0291	21.30	11.53	0.1385	20.11	0.2009
qk3:stock	157	29.16	0.0247	21.60	11.45	0.1368	20.27	0.1902
qkv1:stock	157	29.27	0.0278	21.37	12.29	0.1432	20.05	0.1999
qkv2:stock	157	27.88	0.0288	21.66	11.10	0.1361	20.60	0.1808
qkv3:stock	157	28.89	0.0274	21.49	11.61	0.1387	20.11	0.2009
