default	all_reduce	0.004	22.0	0.2
default	all_to_all	0.004	22.2	0.1
default	all_gather	0.004	19.7	0.1
default	reduce_scatter	0.004	21.7	0.1
default	broadcast	0.004	20.1	0.2
default	sendrecv_bidir	0.004	40.8	0.1
default	all_reduce	0.064	21.2	3.2
default	all_to_all	0.064	48.1	0.7
default	all_gather	0.064	19.7	1.7
default	reduce_scatter	0.064	20.4	1.6
default	broadcast	0.064	19.9	3.4
default	sendrecv_bidir	0.064	40.8	1.6
default	all_reduce	1	54.1	19.4
default	all_to_all	1	31.3	16.7
default	all_gather	1	35.3	14.9
default	reduce_scatter	1	35.4	14.8
default	broadcast	1	31.3	33.5
default	sendrecv_bidir	1	52.9	19.8
default	all_reduce	4.6	167.0	28.9
default	all_to_all	4.6	245.8	9.8
default	all_gather	4.6	158.1	15.3
default	reduce_scatter	4.6	132.1	18.3
default	broadcast	4.6	101.5	47.5
default	sendrecv_bidir	4.6	199.6	24.2
default	all_reduce	9.3	316.7	30.8
default	all_to_all	9.3	484.5	10.1
default	all_gather	9.3	301.7	16.2
default	reduce_scatter	9.3	313.0	15.6
default	broadcast	9.3	196.3	49.7
default	sendrecv_bidir	9.3	385.6	25.3
default	all_reduce	18.5	618.2	31.4
default	all_to_all	18.5	387.5	25.0
default	all_gather	18.5	383.7	25.3
default	reduce_scatter	18.5	383.7	25.3
default	broadcast	18.5	386.0	50.2
default	sendrecv_bidir	18.5	748.2	25.9
default	all_reduce	64	2081.3	32.2
default	all_to_all	64	1305.4	25.7
default	all_gather	64	1289.2	26.0
default	reduce_scatter	64	1270.3	26.4
default	broadcast	64	1306.9	51.4
default	sendrecv_bidir	64	2552.5	26.3
default	all_reduce	256	8159.9	32.9
default	all_to_all	256	5175.3	25.9
default	all_gather	256	5118.3	26.2
default	reduce_scatter	256	5112.9	26.3
default	broadcast	256	5151.6	52.1
default	sendrecv_bidir	256	10191.5	26.3
algo_ring	all_reduce	0.004	21.2	0.2
algo_ring	all_to_all	0.004	24.2	0.1
algo_ring	all_gather	0.004	19.2	0.1
algo_ring	reduce_scatter	0.004	20.3	0.1
algo_ring	broadcast	0.004	19.2	0.2
algo_ring	sendrecv_bidir	0.004	39.6	0.1
algo_ring	all_reduce	0.064	20.8	3.2
algo_ring	all_to_all	0.064	20.5	1.6
algo_ring	all_gather	0.064	18.6	1.8
algo_ring	reduce_scatter	0.064	19.7	1.7
algo_ring	broadcast	0.064	19.2	3.5
algo_ring	sendrecv_bidir	0.064	39.9	1.7
algo_ring	all_reduce	1	54.1	19.4
algo_ring	all_to_all	1	31.4	16.7
algo_ring	all_gather	1	35.3	14.8
algo_ring	reduce_scatter	1	35.3	14.9
algo_ring	broadcast	1	31.2	33.6
algo_ring	sendrecv_bidir	1	53.0	19.8
algo_ring	all_reduce	4.6	166.9	28.9
algo_ring	all_to_all	4.6	246.9	9.8
algo_ring	all_gather	4.6	158.2	15.2
algo_ring	reduce_scatter	4.6	131.9	18.3
algo_ring	broadcast	4.6	101.7	47.4
algo_ring	sendrecv_bidir	4.6	200.4	24.1
algo_ring	all_reduce	9.3	316.7	30.8
algo_ring	all_to_all	9.3	485.3	10.0
algo_ring	all_gather	9.3	301.5	16.2
algo_ring	reduce_scatter	9.3	246.4	19.8
algo_ring	broadcast	9.3	196.8	49.6
algo_ring	sendrecv_bidir	9.3	386.1	25.3
algo_ring	all_reduce	18.5	618.6	31.4
algo_ring	all_to_all	18.5	387.5	25.0
algo_ring	all_gather	18.5	383.9	25.3
algo_ring	reduce_scatter	18.5	383.7	25.3
algo_ring	broadcast	18.5	385.8	50.3
algo_ring	sendrecv_bidir	18.5	749.4	25.9
algo_ring	all_reduce	64	2081.8	32.2
algo_ring	all_to_all	64	1304.4	25.7
algo_ring	all_gather	64	1297.8	25.9
algo_ring	reduce_scatter	64	1270.2	26.4
algo_ring	broadcast	64	1309.5	51.2
algo_ring	sendrecv_bidir	64	2550.5	26.3
algo_ring	all_reduce	256	8119.2	33.1
algo_ring	all_to_all	256	5169.3	26.0
algo_ring	all_gather	256	5112.2	26.3
algo_ring	reduce_scatter	256	5113.2	26.2
algo_ring	broadcast	256	5162.5	52.0
algo_ring	sendrecv_bidir	256	10189.0	26.3
algo_tree	all_reduce	0.004	21.9	0.2
algo_tree	all_to_all	0.004	26.3	0.1
algo_tree	all_gather	0.004	FAILED	DistBackendError
algo_tree	reduce_scatter	0.004	FAILED	DistBackendError
algo_tree	broadcast	0.004	FAILED	DistBackendError
algo_tree	sendrecv_bidir	0.004	40.1	0.1
algo_tree	all_reduce	0.064	21.2	3.2
algo_tree	all_to_all	0.064	20.9	1.6
algo_tree	all_gather	0.064	FAILED	DistBackendError
algo_tree	reduce_scatter	0.064	FAILED	DistBackendError
algo_tree	broadcast	0.064	FAILED	DistBackendError
algo_tree	sendrecv_bidir	0.064	39.8	1.7
algo_tree	all_reduce	1	59.4	17.6
algo_tree	all_to_all	1	31.4	16.7
algo_tree	all_gather	1	FAILED	DistBackendError
algo_tree	reduce_scatter	1	FAILED	DistBackendError
algo_tree	broadcast	1	FAILED	DistBackendError
algo_tree	sendrecv_bidir	1	53.5	19.6
algo_tree	all_reduce	4.6	170.7	28.3
algo_tree	all_to_all	4.6	245.0	9.8
algo_tree	all_gather	4.6	FAILED	DistBackendError
algo_tree	reduce_scatter	4.6	FAILED	DistBackendError
algo_tree	broadcast	4.6	FAILED	DistBackendError
algo_tree	sendrecv_bidir	4.6	201.2	24.0
algo_tree	all_reduce	9.3	312.4	31.2
algo_tree	all_to_all	9.3	483.8	10.1
algo_tree	all_gather	9.3	FAILED	DistBackendError
algo_tree	reduce_scatter	9.3	FAILED	DistBackendError
algo_tree	broadcast	9.3	FAILED	DistBackendError
algo_tree	sendrecv_bidir	9.3	389.2	25.1
algo_tree	all_reduce	18.5	581.7	33.3
algo_tree	all_to_all	18.5	388.1	25.0
algo_tree	all_gather	18.5	FAILED	DistBackendError
algo_tree	reduce_scatter	18.5	FAILED	DistBackendError
algo_tree	broadcast	18.5	FAILED	DistBackendError
algo_tree	sendrecv_bidir	18.5	752.0	25.8
algo_tree	all_reduce	64	1889.7	35.5
algo_tree	all_to_all	64	1310.6	25.6
algo_tree	all_gather	64	FAILED	DistBackendError
algo_tree	reduce_scatter	64	FAILED	DistBackendError
algo_tree	broadcast	64	FAILED	DistBackendError
algo_tree	sendrecv_bidir	64	2561.4	26.2
algo_tree	all_reduce	256	7273.3	36.9
algo_tree	all_to_all	256	5198.8	25.8
algo_tree	all_gather	256	FAILED	DistBackendError
algo_tree	reduce_scatter	256	FAILED	DistBackendError
algo_tree	broadcast	256	FAILED	DistBackendError
algo_tree	sendrecv_bidir	256	10202.8	26.3
proto_LL	all_reduce	0.004	39.5	0.1
proto_LL	all_to_all	0.004	41.5	0.1
proto_LL	all_gather	0.004	34.7	0.1
proto_LL	reduce_scatter	0.004	36.6	0.1
proto_LL	broadcast	0.004	60.1	0.1
proto_LL	sendrecv_bidir	0.004	79.7	0.1
proto_LL	all_reduce	0.064	39.8	1.7
proto_LL	all_to_all	0.064	39.7	0.8
proto_LL	all_gather	0.064	35.2	1.0
proto_LL	reduce_scatter	0.064	37.5	0.9
proto_LL	broadcast	0.064	36.8	1.8
proto_LL	sendrecv_bidir	0.064	80.9	0.8
proto_LL	all_reduce	1	82.0	12.8
proto_LL	all_to_all	1	41.3	12.7
proto_LL	all_gather	1	50.3	10.4
proto_LL	reduce_scatter	1	52.8	9.9
proto_LL	broadcast	1	51.2	20.5
proto_LL	sendrecv_bidir	1	84.4	12.4
proto_LL	all_reduce	4.6	356.9	13.5
proto_LL	all_to_all	4.6	247.0	9.8
proto_LL	all_gather	4.6	273.2	8.8
proto_LL	reduce_scatter	4.6	224.3	10.7
proto_LL	broadcast	4.6	364.1	13.2
proto_LL	sendrecv_bidir	4.6	201.1	24.0
proto_LL	all_reduce	9.3	712.0	13.7
proto_LL	all_to_all	9.3	488.1	10.0
proto_LL	all_gather	9.3	535.7	9.1
proto_LL	reduce_scatter	9.3	444.2	11.0
proto_LL	broadcast	9.3	437.9	22.3
proto_LL	sendrecv_bidir	9.3	386.0	25.3
proto_LL	all_reduce	18.5	1406.4	13.8
proto_LL	all_to_all	18.5	385.9	25.1
proto_LL	all_gather	18.5	832.9	11.6
proto_LL	reduce_scatter	18.5	872.0	11.1
proto_LL	broadcast	18.5	865.5	22.4
proto_LL	sendrecv_bidir	18.5	748.3	25.9
proto_LL	all_reduce	64	4849.1	13.8
proto_LL	all_to_all	64	1305.5	25.7
proto_LL	all_gather	64	2840.4	11.8
proto_LL	reduce_scatter	64	3015.3	11.1
proto_LL	broadcast	64	2993.4	22.4
proto_LL	sendrecv_bidir	64	2549.7	26.3
proto_LL	all_reduce	256	20866.0	12.9
proto_LL	all_to_all	256	5159.4	26.0
proto_LL	all_gather	256	11517.7	11.7
proto_LL	reduce_scatter	256	13546.3	9.9
proto_LL	broadcast	256	12053.4	22.3
proto_LL	sendrecv_bidir	256	10165.6	26.4
proto_LL128	all_reduce	0.004	27.2	0.2
proto_LL128	all_to_all	0.004	27.9	0.1
proto_LL128	all_gather	0.004	23.2	0.1
proto_LL128	reduce_scatter	0.004	24.7	0.1
proto_LL128	broadcast	0.004	22.4	0.2
proto_LL128	sendrecv_bidir	0.004	50.8	0.1
proto_LL128	all_reduce	0.064	26.3	2.6
proto_LL128	all_to_all	0.064	25.7	1.3
proto_LL128	all_gather	0.064	23.4	1.4
proto_LL128	reduce_scatter	0.064	25.1	1.3
proto_LL128	broadcast	0.064	22.6	3.0
proto_LL128	sendrecv_bidir	0.064	50.5	1.3
proto_LL128	all_reduce	1	72.8	14.4
proto_LL128	all_to_all	1	31.7	16.6
proto_LL128	all_gather	1	47.2	11.1
proto_LL128	reduce_scatter	1	47.6	11.0
proto_LL128	broadcast	1	43.8	23.9
proto_LL128	sendrecv_bidir	1	55.1	19.0
proto_LL128	all_reduce	4.6	270.8	17.8
proto_LL128	all_to_all	4.6	245.5	9.8
proto_LL128	all_gather	4.6	165.7	14.6
proto_LL128	reduce_scatter	4.6	164.5	14.7
proto_LL128	broadcast	4.6	198.1	24.3
proto_LL128	sendrecv_bidir	4.6	201.3	24.0
proto_LL128	all_reduce	9.3	529.7	18.4
proto_LL128	all_to_all	9.3	483.7	10.1
proto_LL128	all_gather	9.3	317.1	15.4
proto_LL128	reduce_scatter	9.3	316.5	15.4
proto_LL128	broadcast	9.3	399.6	24.4
proto_LL128	sendrecv_bidir	9.3	388.2	25.1
proto_LL128	all_reduce	18.5	1038.5	18.7
proto_LL128	all_to_all	18.5	388.6	25.0
proto_LL128	all_gather	18.5	611.2	15.9
proto_LL128	reduce_scatter	18.5	613.3	15.8
proto_LL128	broadcast	18.5	797.7	24.3
proto_LL128	sendrecv_bidir	18.5	751.6	25.8
proto_LL128	all_reduce	64	3542.9	18.9
proto_LL128	all_to_all	64	1307.6	25.7
proto_LL128	all_gather	64	2077.3	16.2
proto_LL128	reduce_scatter	64	1983.6	16.9
proto_LL128	broadcast	64	2774.1	24.2
proto_LL128	sendrecv_bidir	64	2557.5	26.2
proto_LL128	all_reduce	256	14145.5	19.0
proto_LL128	all_to_all	256	5195.1	25.8
proto_LL128	all_gather	256	8276.2	16.2
proto_LL128	reduce_scatter	256	8307.8	16.2
proto_LL128	broadcast	256	11058.2	24.3
proto_LL128	sendrecv_bidir	256	10177.3	26.4
proto_Simple	all_reduce	0.004	27.4	0.2
proto_Simple	all_to_all	0.004	26.9	0.1
proto_Simple	all_gather	0.004	23.6	0.1
proto_Simple	reduce_scatter	0.004	36.4	0.1
proto_Simple	broadcast	0.004	21.4	0.2
proto_Simple	sendrecv_bidir	0.004	49.4	0.1
proto_Simple	all_reduce	0.064	26.2	2.6
proto_Simple	all_to_all	0.064	26.4	1.3
proto_Simple	all_gather	0.064	23.8	1.4
proto_Simple	reduce_scatter	0.064	25.2	1.3
proto_Simple	broadcast	0.064	22.7	3.0
proto_Simple	sendrecv_bidir	0.064	51.3	1.3
proto_Simple	all_reduce	1	54.9	19.1
proto_Simple	all_to_all	1	31.7	16.6
proto_Simple	all_gather	1	35.6	14.7
proto_Simple	reduce_scatter	1	35.6	14.7
proto_Simple	broadcast	1	31.4	33.4
proto_Simple	sendrecv_bidir	1	55.1	19.0
proto_Simple	all_reduce	4.6	167.0	28.9
proto_Simple	all_to_all	4.6	245.5	9.8
proto_Simple	all_gather	4.6	158.4	15.2
proto_Simple	reduce_scatter	4.6	132.2	18.2
proto_Simple	broadcast	4.6	101.7	47.4
proto_Simple	sendrecv_bidir	4.6	200.7	24.0
proto_Simple	all_reduce	9.3	316.9	30.8
proto_Simple	all_to_all	9.3	483.0	10.1
proto_Simple	all_gather	9.3	302.1	16.1
proto_Simple	reduce_scatter	9.3	246.6	19.8
proto_Simple	broadcast	9.3	196.5	49.6
proto_Simple	sendrecv_bidir	9.3	388.7	25.1
proto_Simple	all_reduce	18.5	618.5	31.4
proto_Simple	all_to_all	18.5	387.5	25.0
proto_Simple	all_gather	18.5	384.1	25.3
proto_Simple	reduce_scatter	18.5	383.9	25.3
proto_Simple	broadcast	18.5	385.8	50.3
proto_Simple	sendrecv_bidir	18.5	753.4	25.7
proto_Simple	all_reduce	64	2080.8	32.3
proto_Simple	all_to_all	64	1313.2	25.6
proto_Simple	all_gather	64	1290.4	26.0
proto_Simple	reduce_scatter	64	1267.9	26.5
proto_Simple	broadcast	64	1310.7	51.2
proto_Simple	sendrecv_bidir	64	2569.1	26.1
proto_Simple	all_reduce	256	8159.0	32.9
proto_Simple	all_to_all	256	5203.3	25.8
proto_Simple	all_gather	256	5119.0	26.2
proto_Simple	reduce_scatter	256	5120.5	26.2
proto_Simple	broadcast	256	5157.5	52.0
proto_Simple	sendrecv_bidir	256	10268.8	26.1
shm_cuda_memcpy	all_reduce	0.004	29.5	0.1
shm_cuda_memcpy	all_to_all	0.004	27.7	0.1
shm_cuda_memcpy	all_gather	0.004	26.3	0.1
shm_cuda_memcpy	reduce_scatter	0.004	27.8	0.1
shm_cuda_memcpy	broadcast	0.004	27.2	0.2
shm_cuda_memcpy	sendrecv_bidir	0.004	53.9	0.1
shm_cuda_memcpy	all_reduce	0.064	29.8	2.3
shm_cuda_memcpy	all_to_all	0.064	47.8	0.7
shm_cuda_memcpy	all_gather	0.064	27.1	1.2
shm_cuda_memcpy	reduce_scatter	0.064	28.4	1.2
shm_cuda_memcpy	broadcast	0.064	27.8	2.4
shm_cuda_memcpy	sendrecv_bidir	0.064	59.1	1.1
shm_cuda_memcpy	all_reduce	1	143.3	7.3
shm_cuda_memcpy	all_to_all	1	67.1	7.8
shm_cuda_memcpy	all_gather	1	100.7	5.2
shm_cuda_memcpy	reduce_scatter	1	100.6	5.2
shm_cuda_memcpy	broadcast	1	56.1	18.7
shm_cuda_memcpy	sendrecv_bidir	1	79.5	13.2
shm_cuda_memcpy	all_reduce	4.6	212.0	22.8
shm_cuda_memcpy	all_to_all	4.6	258.1	9.3
shm_cuda_memcpy	all_gather	4.6	178.9	13.5
shm_cuda_memcpy	reduce_scatter	4.6	311.2	7.7
shm_cuda_memcpy	broadcast	4.6	119.6	40.3
shm_cuda_memcpy	sendrecv_bidir	4.6	266.7	18.1
shm_cuda_memcpy	all_reduce	9.3	343.7	28.4
shm_cuda_memcpy	all_to_all	9.3	493.2	9.9
shm_cuda_memcpy	all_gather	9.3	324.9	15.0
shm_cuda_memcpy	reduce_scatter	9.3	243.3	20.0
shm_cuda_memcpy	broadcast	9.3	208.0	46.9
shm_cuda_memcpy	sendrecv_bidir	9.3	471.5	20.7
shm_cuda_memcpy	all_reduce	18.5	706.0	27.5
shm_cuda_memcpy	all_to_all	18.5	491.1	19.7
shm_cuda_memcpy	all_gather	18.5	403.2	24.1
shm_cuda_memcpy	reduce_scatter	18.5	378.3	25.6
shm_cuda_memcpy	broadcast	18.5	409.1	47.4
shm_cuda_memcpy	sendrecv_bidir	18.5	876.6	22.1
shm_cuda_memcpy	all_reduce	64	2121.1	31.6
shm_cuda_memcpy	all_to_all	64	1542.6	21.8
shm_cuda_memcpy	all_gather	64	1273.1	26.4
shm_cuda_memcpy	reduce_scatter	64	1191.2	28.2
shm_cuda_memcpy	broadcast	64	1380.1	48.6
shm_cuda_memcpy	sendrecv_bidir	64	2948.0	22.8
shm_cuda_memcpy	all_reduce	256	8263.8	32.5
shm_cuda_memcpy	all_to_all	256	5999.8	22.4
shm_cuda_memcpy	all_gather	256	5053.6	26.6
shm_cuda_memcpy	reduce_scatter	256	4465.2	30.1
shm_cuda_memcpy	broadcast	256	5957.7	45.1
shm_cuda_memcpy	sendrecv_bidir	256	12140.3	22.1
channels_16	all_reduce	0.004	26.9	0.2
channels_16	all_to_all	0.004	24.8	0.1
channels_16	all_gather	0.004	23.4	0.1
channels_16	reduce_scatter	0.004	24.7	0.1
channels_16	broadcast	0.004	22.4	0.2
channels_16	sendrecv_bidir	0.004	50.3	0.1
channels_16	all_reduce	0.064	26.9	2.5
channels_16	all_to_all	0.064	25.9	1.3
channels_16	all_gather	0.064	23.7	1.4
channels_16	reduce_scatter	0.064	25.0	1.3
channels_16	broadcast	0.064	22.9	2.9
channels_16	sendrecv_bidir	0.064	50.6	1.3
channels_16	all_reduce	1	49.8	21.0
channels_16	all_to_all	1	31.7	16.6
channels_16	all_gather	1	34.2	15.3
channels_16	reduce_scatter	1	34.1	15.4
channels_16	broadcast	1	31.3	33.5
channels_16	sendrecv_bidir	1	53.9	19.4
channels_16	all_reduce	4.6	170.1	28.3
channels_16	all_to_all	4.6	245.8	9.8
channels_16	all_gather	4.6	153.2	15.7
channels_16	reduce_scatter	4.6	115.1	21.0
channels_16	broadcast	4.6	100.9	47.8
channels_16	sendrecv_bidir	4.6	199.8	24.1
channels_16	all_reduce	9.3	319.4	30.5
channels_16	all_to_all	9.3	484.6	10.1
channels_16	all_gather	9.3	292.3	16.7
channels_16	reduce_scatter	9.3	213.5	22.8
channels_16	broadcast	9.3	192.6	50.6
channels_16	sendrecv_bidir	9.3	385.8	25.3
channels_16	all_reduce	18.5	617.9	31.4
channels_16	all_to_all	18.5	387.1	25.1
channels_16	all_gather	18.5	377.8	25.7
channels_16	reduce_scatter	18.5	378.2	25.6
channels_16	broadcast	18.5	370.2	52.4
channels_16	sendrecv_bidir	18.5	748.0	25.9
channels_16	all_reduce	64	2080.0	32.3
channels_16	all_to_all	64	1308.7	25.6
channels_16	all_gather	64	1277.7	26.3
channels_16	reduce_scatter	64	1277.3	26.3
channels_16	broadcast	64	1284.7	52.2
channels_16	sendrecv_bidir	64	2549.0	26.3
channels_16	all_reduce	256	7832.0	34.3
channels_16	all_to_all	256	5163.9	26.0
channels_16	all_gather	256	5000.3	26.8
channels_16	reduce_scatter	256	5012.8	26.8
channels_16	broadcast	256	5113.2	52.5
channels_16	sendrecv_bidir	256	10165.4	26.4
shm_disabled_socket	all_reduce	0.004	50.7	0.1
shm_disabled_socket	all_to_all	0.004	34.3	0.1
shm_disabled_socket	all_gather	0.004	26.1	0.1
shm_disabled_socket	reduce_scatter	0.004	26.8	0.1
shm_disabled_socket	broadcast	0.004	26.7	0.2
shm_disabled_socket	sendrecv_bidir	0.004	54.3	0.1
shm_disabled_socket	all_reduce	0.064	163.8	0.4
shm_disabled_socket	all_to_all	0.064	62.9	0.5
shm_disabled_socket	all_gather	0.064	88.1	0.4
shm_disabled_socket	reduce_scatter	0.064	86.2	0.4
shm_disabled_socket	broadcast	0.064	83.8	0.8
shm_disabled_socket	sendrecv_bidir	0.064	90.8	0.7
shm_disabled_socket	all_reduce	1	630.4	1.7
shm_disabled_socket	all_to_all	1	377.4	1.4
shm_disabled_socket	all_gather	1	321.9	1.6
shm_disabled_socket	reduce_scatter	1	312.2	1.7
shm_disabled_socket	broadcast	1	226.5	4.6
shm_disabled_socket	sendrecv_bidir	1	629.6	1.7
shm_disabled_socket	all_reduce	4.6	1846.8	2.6
shm_disabled_socket	all_to_all	4.6	1353.6	1.8
shm_disabled_socket	all_gather	4.6	1022.7	2.4
shm_disabled_socket	reduce_scatter	4.6	1014.7	2.4
shm_disabled_socket	broadcast	4.6	1358.5	3.6
shm_disabled_socket	sendrecv_bidir	4.6	2642.2	1.8
shm_disabled_socket	all_reduce	9.3	3645.7	2.7
shm_disabled_socket	all_to_all	9.3	2656.1	1.8
shm_disabled_socket	all_gather	9.3	1964.5	2.5
shm_disabled_socket	reduce_scatter	9.3	1945.4	2.5
shm_disabled_socket	broadcast	9.3	2798.8	3.5
shm_disabled_socket	sendrecv_bidir	9.3	5370.3	1.8
shm_disabled_socket	all_reduce	18.5	7041.0	2.8
shm_disabled_socket	all_to_all	18.5	5238.1	1.9
shm_disabled_socket	all_gather	18.5	3624.7	2.7
shm_disabled_socket	reduce_scatter	18.5	3470.8	2.8
shm_disabled_socket	broadcast	18.5	4736.1	4.1
shm_disabled_socket	sendrecv_bidir	18.5	8423.8	2.3
shm_disabled_socket	all_reduce	64	19212.6	3.5
shm_disabled_socket	all_to_all	64	14025.1	2.4
shm_disabled_socket	all_gather	64	9763.0	3.4
shm_disabled_socket	reduce_scatter	64	9766.4	3.4
shm_disabled_socket	broadcast	64	16277.7	4.1
shm_disabled_socket	sendrecv_bidir	64	27707.4	2.4
shm_disabled_socket	all_reduce	256	76509.6	3.5
shm_disabled_socket	all_to_all	256	53892.1	2.5
shm_disabled_socket	all_gather	256	38817.7	3.5
shm_disabled_socket	reduce_scatter	256	38611.4	3.5
shm_disabled_socket	broadcast	256	65644.2	4.1
shm_disabled_socket	sendrecv_bidir	256	110828.8	2.4
[Gloo] Rank [Gloo] Rank 01 is connected to  is connected to 11 peer ranks.  peer ranks. Expected number of connected peer ranks is : Expected number of connected peer ranks is : 11

gloo	all_reduce	0.004	251.5	0.0
gloo	all_gather	0.004	194.3	0.0
gloo	reduce_scatter	0.004	267.5	0.0
gloo	broadcast	0.004	112.9	0.0
