timestamp	clocks.sm	clocks.mem	power.draw	temperature.gpu	clocks_throttle_reasons.active	clocks_throttle_reasons.sw_power_cap	clocks_throttle_reasons.hw_slowdown	clocks_throttle_reasons.sw_thermal_slowdown	utilization.gpu
2026/09/22 07:52:35.800	30.0	405.0	22.98	27.0	0x0000000000000004	Active	Not Active	Not Active	0.0
2026/09/22 07:52:35.905	30.0	405.0	22.98	27.0	0x0000000000000004	Active	Not Active	Not Active	0.0
2026/09/22 07:52:36.005	30.0	405.0	22.98	27.0	0x0000000000000004	Active	Not Active	Not Active	0.0
2026/09/22 07:52:36.106	30.0	405.0	23.1	27.0	0x0000000000000004	Active	Not Active	Not Active	0.0
2026/09/22 07:52:36.206	30.0	405.0	23.1	27.0	0x0000000000000004	Active	Not Active	Not Active	0.0
2026/09/22 07:52:36.306	30.0	405.0	23.1	27.0	0x0000000000000004	Active	Not Active	Not Active	0.0
2026/09/22 07:52:36.406	30.0	405.0	23.1	27.0	0x0000000000000004	Active	Not Active	Not Active	0.0
2026/09/22 07:52:36.507	30.0	405.0	23.1	27.0	0x0000000000000004	Active	Not Active	Not Active	0.0
2026/09/22 07:52:36.607	30.0	405.0	23.1	27.0	0x0000000000000004	Active	Not Active	Not Active	0.0
2026/09/22 07:52:36.707	30.0	405.0	23.1	27.0	0x0000000000000004	Active	Not Active	Not Active	0.0
2026/09/22 07:52:36.807	30.0	405.0	23.1	27.0	0x0000000000000004	Active	Not Active	Not Active	0.0
2026/09/22 07:52:36.907	30.0	405.0	23.1	27.0	0x0000000000000004	Active	Not Active	Not Active	0.0
2026/09/22 07:52:37.008	30.0	405.0	23.1	27.0	0x0000000000000004	Active	Not Active	Not Active	0.0
2026/09/22 07:52:37.108	30.0	405.0	23.15	27.0	0x0000000000000004	Active	Not Active	Not Active	0.0
2026/09/22 07:52:37.208	30.0	405.0	23.15	27.0	0x0000000000000004	Active	Not Active	Not Active	0.0
2026/09/22 07:52:37.308	30.0	405.0	23.15	27.0	0x0000000000000004	Active	Not Active	Not Active	0.0
2026/09/22 07:52:37.408	30.0	405.0	23.15	27.0	0x0000000000000004	Active	Not Active	Not Active	0.0
2026/09/22 07:52:37.508	30.0	405.0	23.15	27.0	0x0000000000000004	Active	Not Active	Not Active	0.0
2026/09/22 07:52:37.609	30.0	405.0	23.15	27.0	0x0000000000000004	Active	Not Active	Not Active	0.0
2026/09/22 07:52:37.709	30.0	405.0	23.15	27.0	0x0000000000000004	Active	Not Active	Not Active	0.0
2026/09/22 07:52:37.809	30.0	405.0	23.15	27.0	0x0000000000000004	Active	Not Active	Not Active	0.0
2026/09/22 07:52:37.909	30.0	405.0	23.15	27.0	0x0000000000000000	Not Active	Not Active	Not Active	0.0
2026/09/22 07:52:38.009	1282.0	13801.0	23.15	27.0	0x0000000000000000	Not Active	Not Active	Not Active	0.0
2026/09/22 07:52:38.109	1282.0	13801.0	97.25	27.0	0x0000000000000000	Not Active	Not Active	Not Active	0.0
2026/09/22 07:52:38.210	1282.0	13801.0	97.25	27.0	0x0000000000000000	Not Active	Not Active	Not Active	100.0
2026/09/22 07:52:38.310	1282.0	13801.0	97.25	44.0	0x0000000000000000	Not Active	Not Active	Not Active	100.0
2026/09/22 07:52:38.410	1282.0	13801.0	97.25	44.0	0x0000000000000004	Active	Not Active	Not Active	100.0
2026/09/22 07:52:38.510	2812.0	13801.0	97.25	44.0	0x0000000000000004	Active	Not Active	Not Active	100.0
2026/09/22 07:52:38.610	2812.0	13801.0	256.12	44.0	0x0000000000000004	Active	Not Active	Not Active	100.0
2026/09/22 07:52:38.710	2812.0	13801.0	256.12	44.0	0x0000000000000004	Active	Not Active	Not Active	100.0
2026/09/22 07:52:38.811	2812.0	13801.0	256.12	46.0	0x0000000000000004	Active	Not Active	Not Active	100.0
2026/09/22 07:52:38.911	2812.0	13801.0	256.12	46.0	0x0000000000000004	Active	Not Active	Not Active	100.0
2026/09/22 07:52:39.011	2790.0	13801.0	256.12	46.0	0x0000000000000004	Active	Not Active	Not Active	100.0
2026/09/22 07:52:39.111	2790.0	13801.0	603.18	46.0	0x0000000000000004	Active	Not Active	Not Active	100.0
2026/09/22 07:52:39.211	2790.0	13801.0	603.18	46.0	0x0000000000000004	Active	Not Active	Not Active	100.0
2026/09/22 07:52:39.311	2790.0	13801.0	603.18	47.0	0x0000000000000004	Active	Not Active	Not Active	100.0
2026/09/22 07:52:39.412	2790.0	13801.0	603.18	47.0	0x0000000000000004	Active	Not Active	Not Active	100.0
2026/09/22 07:52:39.512	2790.0	13801.0	603.18	47.0	0x0000000000000004	Active	Not Active	Not Active	100.0
2026/09/22 07:52:39.612	2790.0	13801.0	599.95	47.0	0x0000000000000004	Active	Not Active	Not Active	100.0
2026/09/22 07:52:39.712	2790.0	13801.0	599.95	47.0	0x0000000000000004	Active	Not Active	Not Active	100.0
2026/09/22 07:52:39.812	2790.0	13801.0	599.95	47.0	0x0000000000000004	Active	Not Active	Not Active	100.0
2026/09/22 07:52:39.912	2790.0	13801.0	599.95	47.0	0x0000000000000004	Active	Not Active	Not Active	100.0
2026/09/22 07:52:40.013	2790.0	13801.0	599.95	47.0	0x0000000000000004	Active	Not Active	Not Active	100.0
2026/09/22 07:52:40.113	2790.0	13801.0	600.2	47.0	0x0000000000000004	Active	Not Active	Not Active	100.0
2026/09/22 07:52:40.213	2790.0	13801.0	600.2	47.0	0x0000000000000004	Active	Not Active	Not Active	98.0
2026/09/22 07:52:40.313	2790.0	13801.0	600.2	48.0	0x0000000000000004	Active	Not Active	Not Active	98.0
2026/09/22 07:52:40.413	2790.0	13801.0	600.2	48.0	0x0000000000000004	Active	Not Active	Not Active	98.0
2026/09/22 07:52:40.513	2790.0	13801.0	600.2	48.0	0x0000000000000004	Active	Not Active	Not Active	98.0
2026/09/22 07:52:40.614	2790.0	13801.0	600.24	48.0	0x0000000000000004	Active	Not Active	Not Active	98.0
2026/09/22 07:52:40.714	2790.0	13801.0	600.24	48.0	0x0000000000000004	Active	Not Active	Not Active	98.0
2026/09/22 07:52:40.814	2790.0	13801.0	600.24	48.0	0x0000000000000004	Active	Not Active	Not Active	98.0
2026/09/22 07:52:40.914	2790.0	13801.0	600.24	48.0	0x0000000000000004	Active	Not Active	Not Active	98.0
2026/09/22 07:52:41.014	2782.0	13801.0	600.24	48.0	0x0000000000000004	Active	Not Active	Not Active	98.0
2026/09/22 07:52:41.115	2782.0	13801.0	600.01	48.0	0x0000000000000004	Active	Not Active	Not Active	98.0
2026/09/22 07:52:41.215	2782.0	13801.0	600.01	48.0	0x0000000000000004	Active	Not Active	Not Active	100.0
2026/09/22 07:52:41.315	2782.0	13801.0	600.01	49.0	0x0000000000000004	Active	Not Active	Not Active	100.0
2026/09/22 07:52:41.415	2782.0	13801.0	600.01	49.0	0x0000000000000004	Active	Not Active	Not Active	100.0
2026/09/22 07:52:41.515	2782.0	13801.0	600.01	49.0	0x0000000000000004	Active	Not Active	Not Active	100.0
2026/09/22 07:52:41.615	2782.0	13801.0	600.06	49.0	0x0000000000000004	Active	Not Active	Not Active	100.0
2026/09/22 07:52:41.716	2782.0	13801.0	600.06	49.0	0x0000000000000004	Active	Not Active	Not Active	100.0
2026/09/22 07:52:41.816	2782.0	13801.0	600.06	49.0	0x0000000000000004	Active	Not Active	Not Active	100.0
2026/09/22 07:52:41.916	2782.0	13801.0	600.06	49.0	0x0000000000000004	Active	Not Active	Not Active	100.0
2026/09/22 07:52:42.016	2782.0	13801.0	600.06	49.0	0x0000000000000004	Active	Not Active	Not Active	100.0
2026/09/22 07:52:42.116	2782.0	13801.0	600.05	49.0	0x0000000000000004	Active	Not Active	Not Active	100.0
2026/09/22 07:52:42.216	2782.0	13801.0	600.05	49.0	0x0000000000000004	Active	Not Active	Not Active	100.0
2026/09/22 07:52:42.317	2782.0	13801.0	600.05	49.0	0x0000000000000004	Active	Not Active	Not Active	100.0
2026/09/22 07:52:42.417	2782.0	13801.0	600.05	49.0	0x0000000000000004	Active	Not Active	Not Active	100.0
2026/09/22 07:52:42.517	2782.0	13801.0	600.05	49.0	0x0000000000000004	Active	Not Active	Not Active	100.0
2026/09/22 07:52:42.617	2782.0	13801.0	599.95	49.0	0x0000000000000004	Active	Not Active	Not Active	100.0
2026/09/22 07:52:42.717	2782.0	13801.0	599.95	49.0	0x0000000000000004	Active	Not Active	Not Active	100.0
2026/09/22 07:52:42.817	2782.0	13801.0	599.95	50.0	0x0000000000000004	Active	Not Active	Not Active	100.0
2026/09/22 07:52:42.918	2782.0	13801.0	599.95	50.0	0x0000000000000004	Active	Not Active	Not Active	100.0
2026/09/22 07:52:43.018	2782.0	13801.0	599.95	50.0	0x0000000000000004	Active	Not Active	Not Active	100.0
2026/09/22 07:52:43.118	2782.0	13801.0	599.92	50.0	0x0000000000000004	Active	Not Active	Not Active	100.0
2026/09/22 07:52:43.218	2782.0	13801.0	599.92	50.0	0x0000000000000004	Active	Not Active	Not Active	100.0
2026/09/22 07:52:43.318	2782.0	13801.0	599.92	50.0	0x0000000000000004	Active	Not Active	Not Active	100.0
2026/09/22 07:52:43.418	2782.0	13801.0	599.92	50.0	0x0000000000000004	Active	Not Active	Not Active	100.0
2026/09/22 07:52:43.519	2782.0	13801.0	599.92	50.0	0x0000000000000004	Active	Not Active	Not Active	100.0
2026/09/22 07:52:43.619	2782.0	13801.0	599.99	50.0	0x0000000000000004	Active	Not Active	Not Active	100.0
2026/09/22 07:52:43.719	2782.0	13801.0	599.99	50.0	0x0000000000000004	Active	Not Active	Not Active	100.0
2026/09/22 07:52:43.819	2782.0	13801.0	599.99	50.0	0x0000000000000004	Active	Not Active	Not Active	100.0
2026/09/22 07:52:43.919	2782.0	13801.0	599.99	50.0	0x0000000000000004	Active	Not Active	Not Active	100.0
2026/09/22 07:52:44.020	2775.0	13801.0	599.99	50.0	0x0000000000000004	Active	Not Active	Not Active	100.0
2026/09/22 07:52:44.120	2775.0	13801.0	600.17	50.0	0x0000000000000004	Active	Not Active	Not Active	100.0
2026/09/22 07:52:44.220	2775.0	13801.0	600.17	50.0	0x0000000000000004	Active	Not Active	Not Active	100.0
2026/09/22 07:52:44.320	2775.0	13801.0	600.17	50.0	0x0000000000000004	Active	Not Active	Not Active	100.0
2026/09/22 07:52:44.420	2775.0	13801.0	600.17	50.0	0x0000000000000004	Active	Not Active	Not Active	100.0
2026/09/22 07:52:44.520	2775.0	13801.0	600.17	50.0	0x0000000000000004	Active	Not Active	Not Active	100.0
2026/09/22 07:52:44.621	2775.0	13801.0	600.03	50.0	0x0000000000000004	Active	Not Active	Not Active	100.0
2026/09/22 07:52:44.721	2775.0	13801.0	600.03	50.0	0x0000000000000004	Active	Not Active	Not Active	100.0
2026/09/22 07:52:44.821	2775.0	13801.0	600.03	51.0	0x0000000000000004	Active	Not Active	Not Active	100.0
2026/09/22 07:52:44.921	2775.0	13801.0	600.03	51.0	0x0000000000000004	Active	Not Active	Not Active	100.0
2026/09/22 07:52:45.021	2775.0	13801.0	600.03	51.0	0x0000000000000004	Active	Not Active	Not Active	100.0
2026/09/22 07:52:45.121	2775.0	13801.0	599.92	51.0	0x0000000000000004	Active	Not Active	Not Active	100.0
2026/09/22 07:52:45.222	2775.0	13801.0	599.92	51.0	0x0000000000000004	Active	Not Active	Not Active	100.0
2026/09/22 07:52:45.322	2775.0	13801.0	599.92	51.0	0x0000000000000004	Active	Not Active	Not Active	100.0
2026/09/22 07:52:45.422	2775.0	13801.0	599.92	51.0	0x0000000000000004	Active	Not Active	Not Active	100.0
2026/09/22 07:52:45.522	2775.0	13801.0	599.92	51.0	0x0000000000000004	Active	Not Active	Not Active	100.0
2026/09/22 07:52:45.622	2775.0	13801.0	600.0	51.0	0x0000000000000004	Active	Not Active	Not Active	100.0
2026/09/22 07:52:45.722	2775.0	13801.0	600.0	51.0	0x0000000000000004	Active	Not Active	Not Active	100.0
2026/09/22 07:52:45.823	2775.0	13801.0	600.0	51.0	0x0000000000000004	Active	Not Active	Not Active	100.0
2026/09/22 07:52:45.923	2775.0	13801.0	600.0	51.0	0x0000000000000004	Active	Not Active	Not Active	100.0
2026/09/22 07:52:46.023	2775.0	13801.0	600.0	51.0	0x0000000000000004	Active	Not Active	Not Active	100.0
2026/09/22 07:52:46.123	2775.0	13801.0	599.91	51.0	0x0000000000000004	Active	Not Active	Not Active	100.0
2026/09/22 07:52:46.223	2775.0	13801.0	599.91	51.0	0x0000000000000004	Active	Not Active	Not Active	100.0
2026/09/22 07:52:46.324	2775.0	13801.0	599.91	51.0	0x0000000000000004	Active	Not Active	Not Active	100.0
2026/09/22 07:52:46.424	2775.0	13801.0	599.91	51.0	0x0000000000000004	Active	Not Active	Not Active	100.0
2026/09/22 07:52:46.524	2775.0	13801.0	599.91	51.0	0x0000000000000004	Active	Not Active	Not Active	100.0
2026/09/22 07:52:46.624	2775.0	13801.0	599.93	51.0	0x0000000000000004	Active	Not Active	Not Active	100.0
2026/09/22 07:52:46.724	2775.0	13801.0	599.93	51.0	0x0000000000000004	Active	Not Active	Not Active	100.0
2026/09/22 07:52:46.825	2775.0	13801.0	599.93	52.0	0x0000000000000004	Active	Not Active	Not Active	100.0
2026/09/22 07:52:46.925	2775.0	13801.0	599.93	52.0	0x0000000000000004	Active	Not Active	Not Active	100.0
2026/09/22 07:52:47.025	2775.0	13801.0	599.93	52.0	0x0000000000000004	Active	Not Active	Not Active	100.0
2026/09/22 07:52:47.125	2775.0	13801.0	600.07	52.0	0x0000000000000004	Active	Not Active	Not Active	100.0
2026/09/22 07:52:47.225	2775.0	13801.0	600.07	52.0	0x0000000000000004	Active	Not Active	Not Active	100.0
2026/09/22 07:52:47.326	2775.0	13801.0	600.07	52.0	0x0000000000000004	Active	Not Active	Not Active	100.0
2026/09/22 07:52:47.426	2775.0	13801.0	600.07	52.0	0x0000000000000004	Active	Not Active	Not Active	100.0
2026/09/22 07:52:47.526	2775.0	13801.0	600.07	52.0	0x0000000000000004	Active	Not Active	Not Active	100.0
2026/09/22 07:52:47.626	2775.0	13801.0	599.98	52.0	0x0000000000000004	Active	Not Active	Not Active	100.0
2026/09/22 07:52:47.726	2775.0	13801.0	599.98	52.0	0x0000000000000004	Active	Not Active	Not Active	100.0
2026/09/22 07:52:47.827	2775.0	13801.0	599.98	52.0	0x0000000000000004	Active	Not Active	Not Active	100.0
2026/09/22 07:52:47.927	2775.0	13801.0	599.98	52.0	0x0000000000000004	Active	Not Active	Not Active	100.0
2026/09/22 07:52:48.027	2775.0	13801.0	599.98	52.0	0x0000000000000004	Active	Not Active	Not Active	100.0
2026/09/22 07:52:48.128	2775.0	13801.0	599.95	52.0	0x0000000000000004	Active	Not Active	Not Active	100.0
2026/09/22 07:52:48.228	2775.0	13801.0	599.95	52.0	0x0000000000000004	Active	Not Active	Not Active	100.0
2026/09/22 07:52:48.328	2775.0	13801.0	599.95	52.0	0x0000000000000004	Active	Not Active	Not Active	100.0
2026/09/22 07:52:48.428	2775.0	13801.0	599.95	52.0	0x0000000000000004	Active	Not Active	Not Active	100.0
2026/09/22 07:52:48.529	2767.0	13801.0	599.95	52.0	0x0000000000000004	Active	Not Active	Not Active	100.0
2026/09/22 07:52:48.629	2767.0	13801.0	600.04	52.0	0x0000000000000004	Active	Not Active	Not Active	100.0
2026/09/22 07:52:48.729	2767.0	13801.0	600.04	52.0	0x0000000000000004	Active	Not Active	Not Active	100.0
2026/09/22 07:52:48.829	2767.0	13801.0	600.04	52.0	0x0000000000000004	Active	Not Active	Not Active	100.0
2026/09/22 07:52:48.930	2767.0	13801.0	600.04	52.0	0x0000000000000004	Active	Not Active	Not Active	100.0
2026/09/22 07:52:49.030	2767.0	13801.0	600.04	52.0	0x0000000000000004	Active	Not Active	Not Active	100.0
2026/09/22 07:52:49.130	2767.0	13801.0	599.98	52.0	0x0000000000000004	Active	Not Active	Not Active	100.0
2026/09/22 07:52:49.230	2767.0	13801.0	599.98	52.0	0x0000000000000004	Active	Not Active	Not Active	100.0
2026/09/22 07:52:49.331	2767.0	13801.0	599.98	53.0	0x0000000000000004	Active	Not Active	Not Active	100.0
2026/09/22 07:52:49.431	2767.0	13801.0	599.98	53.0	0x0000000000000004	Active	Not Active	Not Active	100.0
2026/09/22 07:52:49.531	2767.0	13801.0	599.98	53.0	0x0000000000000004	Active	Not Active	Not Active	100.0
2026/09/22 07:52:49.631	2767.0	13801.0	600.04	53.0	0x0000000000000004	Active	Not Active	Not Active	100.0
2026/09/22 07:52:49.731	2767.0	13801.0	600.04	53.0	0x0000000000000004	Active	Not Active	Not Active	100.0
2026/09/22 07:52:49.832	2767.0	13801.0	600.04	53.0	0x0000000000000004	Active	Not Active	Not Active	100.0
2026/09/22 07:52:49.932	2767.0	13801.0	600.04	53.0	0x0000000000000004	Active	Not Active	Not Active	100.0
2026/09/22 07:52:50.032	2767.0	13801.0	600.04	53.0	0x0000000000000004	Active	Not Active	Not Active	100.0
2026/09/22 07:52:50.132	2767.0	13801.0	599.88	53.0	0x0000000000000004	Active	Not Active	Not Active	100.0
2026/09/22 07:52:50.232	2767.0	13801.0	599.88	53.0	0x0000000000000004	Active	Not Active	Not Active	100.0
2026/09/22 07:52:50.332	2767.0	13801.0	599.88	53.0	0x0000000000000004	Active	Not Active	Not Active	100.0
2026/09/22 07:52:50.433	2767.0	13801.0	599.88	53.0	0x0000000000000004	Active	Not Active	Not Active	100.0
2026/09/22 07:52:50.533	2767.0	13801.0	599.88	53.0	0x0000000000000004	Active	Not Active	Not Active	100.0
2026/09/22 07:52:50.633	2767.0	13801.0	599.93	53.0	0x0000000000000004	Active	Not Active	Not Active	100.0
2026/09/22 07:52:50.733	2767.0	13801.0	599.93	53.0	0x0000000000000004	Active	Not Active	Not Active	100.0
2026/09/22 07:52:50.833	2767.0	13801.0	599.93	53.0	0x0000000000000004	Active	Not Active	Not Active	100.0
2026/09/22 07:52:50.934	2767.0	13801.0	599.93	53.0	0x0000000000000004	Active	Not Active	Not Active	100.0
2026/09/22 07:52:51.034	2767.0	13801.0	599.93	53.0	0x0000000000000004	Active	Not Active	Not Active	100.0
2026/09/22 07:52:51.134	2767.0	13801.0	600.06	53.0	0x0000000000000004	Active	Not Active	Not Active	100.0
2026/09/22 07:52:51.234	2767.0	13801.0	600.06	53.0	0x0000000000000004	Active	Not Active	Not Active	100.0
2026/09/22 07:52:51.335	2767.0	13801.0	600.06	53.0	0x0000000000000004	Active	Not Active	Not Active	100.0
2026/09/22 07:52:51.435	2767.0	13801.0	600.06	53.0	0x0000000000000004	Active	Not Active	Not Active	100.0
2026/09/22 07:52:51.535	2760.0	13801.0	600.06	53.0	0x0000000000000004	Active	Not Active	Not Active	100.0
2026/09/22 07:52:51.635	2760.0	13801.0	599.97	53.0	0x0000000000000004	Active	Not Active	Not Active	100.0
2026/09/22 07:52:51.735	2760.0	13801.0	599.97	53.0	0x0000000000000004	Active	Not Active	Not Active	100.0
2026/09/22 07:52:51.836	2760.0	13801.0	599.97	54.0	0x0000000000000004	Active	Not Active	Not Active	100.0
2026/09/22 07:52:51.936	2760.0	13801.0	599.97	54.0	0x0000000000000004	Active	Not Active	Not Active	100.0
2026/09/22 07:52:52.036	2767.0	13801.0	599.97	54.0	0x0000000000000004	Active	Not Active	Not Active	100.0
2026/09/22 07:52:52.136	2767.0	13801.0	599.97	54.0	0x0000000000000004	Active	Not Active	Not Active	100.0
2026/09/22 07:52:52.236	2767.0	13801.0	599.97	54.0	0x0000000000000004	Active	Not Active	Not Active	100.0
2026/09/22 07:52:52.337	2767.0	13801.0	599.97	54.0	0x0000000000000004	Active	Not Active	Not Active	100.0
2026/09/22 07:52:52.437	2767.0	13801.0	599.97	54.0	0x0000000000000004	Active	Not Active	Not Active	100.0
2026/09/22 07:52:52.537	2760.0	13801.0	599.97	54.0	0x0000000000000004	Active	Not Active	Not Active	100.0
2026/09/22 07:52:52.637	2760.0	13801.0	600.08	54.0	0x0000000000000004	Active	Not Active	Not Active	100.0
2026/09/22 07:52:52.737	2760.0	13801.0	600.08	54.0	0x0000000000000004	Active	Not Active	Not Active	100.0
2026/09/22 07:52:52.837	2760.0	13801.0	600.08	54.0	0x0000000000000004	Active	Not Active	Not Active	100.0
2026/09/22 07:52:52.938	2760.0	13801.0	600.08	54.0	0x0000000000000004	Active	Not Active	Not Active	100.0
2026/09/22 07:52:53.038	2767.0	13801.0	600.08	54.0	0x0000000000000004	Active	Not Active	Not Active	100.0
2026/09/22 07:52:53.138	2767.0	13801.0	600.07	54.0	0x0000000000000004	Active	Not Active	Not Active	100.0
2026/09/22 07:52:53.238	2767.0	13801.0	600.07	54.0	0x0000000000000004	Active	Not Active	Not Active	100.0
2026/09/22 07:52:53.338	2767.0	13801.0	600.07	54.0	0x0000000000000004	Active	Not Active	Not Active	100.0
2026/09/22 07:52:53.438	2767.0	13801.0	600.07	54.0	0x0000000000000004	Active	Not Active	Not Active	100.0
2026/09/22 07:52:53.539	2760.0	13801.0	600.07	54.0	0x0000000000000004	Active	Not Active	Not Active	100.0
2026/09/22 07:52:53.639	2760.0	13801.0	599.96	54.0	0x0000000000000004	Active	Not Active	Not Active	100.0
2026/09/22 07:52:53.739	2760.0	13801.0	599.96	54.0	0x0000000000000004	Active	Not Active	Not Active	100.0
2026/09/22 07:52:53.839	2760.0	13801.0	599.96	54.0	0x0000000000000004	Active	Not Active	Not Active	100.0
2026/09/22 07:52:53.939	2760.0	13801.0	599.96	54.0	0x0000000000000004	Active	Not Active	Not Active	100.0
2026/09/22 07:52:54.039	2760.0	13801.0	599.96	54.0	0x0000000000000004	Active	Not Active	Not Active	100.0
2026/09/22 07:52:54.140	2760.0	13801.0	599.96	54.0	0x0000000000000004	Active	Not Active	Not Active	100.0
2026/09/22 07:52:54.240	2760.0	13801.0	599.96	54.0	0x0000000000000004	Active	Not Active	Not Active	100.0
2026/09/22 07:52:54.340	2760.0	13801.0	599.96	55.0	0x0000000000000004	Active	Not Active	Not Active	100.0
2026/09/22 07:52:54.440	2760.0	13801.0	599.96	55.0	0x0000000000000004	Active	Not Active	Not Active	100.0
2026/09/22 07:52:54.540	2760.0	13801.0	599.96	55.0	0x0000000000000004	Active	Not Active	Not Active	100.0
2026/09/22 07:52:54.640	2760.0	13801.0	600.02	55.0	0x0000000000000004	Active	Not Active	Not Active	100.0
2026/09/22 07:52:54.741	2760.0	13801.0	600.02	55.0	0x0000000000000004	Active	Not Active	Not Active	100.0
2026/09/22 07:52:54.841	2760.0	13801.0	600.02	55.0	0x0000000000000004	Active	Not Active	Not Active	100.0
2026/09/22 07:52:54.941	2760.0	13801.0	600.02	55.0	0x0000000000000004	Active	Not Active	Not Active	100.0
2026/09/22 07:52:55.041	2760.0	13801.0	600.02	55.0	0x0000000000000004	Active	Not Active	Not Active	100.0
2026/09/22 07:52:55.141	2760.0	13801.0	600.06	55.0	0x0000000000000004	Active	Not Active	Not Active	100.0
2026/09/22 07:52:55.241	2760.0	13801.0	600.06	55.0	0x0000000000000004	Active	Not Active	Not Active	100.0
2026/09/22 07:52:55.342	2760.0	13801.0	600.06	55.0	0x0000000000000004	Active	Not Active	Not Active	100.0
2026/09/22 07:52:55.442	2760.0	13801.0	600.06	55.0	0x0000000000000004	Active	Not Active	Not Active	100.0
2026/09/22 07:52:55.542	2760.0	13801.0	600.06	55.0	0x0000000000000004	Active	Not Active	Not Active	100.0
2026/09/22 07:52:55.642	2760.0	13801.0	600.1	55.0	0x0000000000000004	Active	Not Active	Not Active	100.0
2026/09/22 07:52:55.742	2760.0	13801.0	600.1	55.0	0x0000000000000004	Active	Not Active	Not Active	100.0
2026/09/22 07:52:55.842	2760.0	13801.0	600.1	55.0	0x0000000000000004	Active	Not Active	Not Active	100.0
2026/09/22 07:52:55.943	2760.0	13801.0	600.1	55.0	0x0000000000000004	Active	Not Active	Not Active	100.0
2026/09/22 07:52:56.043	2760.0	13801.0	600.1	55.0	0x0000000000000004	Active	Not Active	Not Active	100.0
2026/09/22 07:52:56.143	2760.0	13801.0	600.01	55.0	0x0000000000000004	Active	Not Active	Not Active	100.0
2026/09/22 07:52:56.243	2760.0	13801.0	600.01	55.0	0x0000000000000004	Active	Not Active	Not Active	100.0
2026/09/22 07:52:56.343	2760.0	13801.0	600.01	55.0	0x0000000000000004	Active	Not Active	Not Active	100.0
2026/09/22 07:52:56.444	2760.0	13801.0	600.01	55.0	0x0000000000000004	Active	Not Active	Not Active	100.0
2026/09/22 07:52:56.544	2760.0	13801.0	600.01	55.0	0x0000000000000004	Active	Not Active	Not Active	100.0
2026/09/22 07:52:56.644	2760.0	13801.0	599.95	55.0	0x0000000000000004	Active	Not Active	Not Active	100.0
2026/09/22 07:52:56.744	2760.0	13801.0	599.95	55.0	0x0000000000000004	Active	Not Active	Not Active	100.0
2026/09/22 07:52:56.844	2760.0	13801.0	599.95	55.0	0x0000000000000004	Active	Not Active	Not Active	100.0
2026/09/22 07:52:56.945	2760.0	13801.0	599.95	55.0	0x0000000000000004	Active	Not Active	Not Active	100.0
2026/09/22 07:52:57.045	2760.0	13801.0	599.95	55.0	0x0000000000000004	Active	Not Active	Not Active	100.0
2026/09/22 07:52:57.145	2760.0	13801.0	599.97	55.0	0x0000000000000004	Active	Not Active	Not Active	100.0
2026/09/22 07:52:57.245	2760.0	13801.0	599.97	55.0	0x0000000000000004	Active	Not Active	Not Active	100.0
2026/09/22 07:52:57.345	2760.0	13801.0	599.97	55.0	0x0000000000000004	Active	Not Active	Not Active	100.0
2026/09/22 07:52:57.446	2760.0	13801.0	599.97	55.0	0x0000000000000004	Active	Not Active	Not Active	100.0
2026/09/22 07:52:57.546	2760.0	13801.0	599.97	55.0	0x0000000000000004	Active	Not Active	Not Active	100.0
2026/09/22 07:52:57.646	2760.0	13801.0	599.98	55.0	0x0000000000000004	Active	Not Active	Not Active	100.0
2026/09/22 07:52:57.746	2760.0	13801.0	599.98	55.0	0x0000000000000004	Active	Not Active	Not Active	100.0
2026/09/22 07:52:57.846	2760.0	13801.0	599.98	56.0	0x0000000000000004	Active	Not Active	Not Active	100.0
2026/09/22 07:52:57.947	2760.0	13801.0	599.98	56.0	0x0000000000000004	Active	Not Active	Not Active	100.0
2026/09/22 07:52:58.047	2760.0	13801.0	599.98	56.0	0x0000000000000004	Active	Not Active	Not Active	100.0
